fin_year,month,state_code,state_name,district_code,district_name,Approved_Labour_Budget,Average_Wage_rate_per_day_per_person,Average_days_of_employment_provided_per_Household,Differently_abled_persons_worked,Material_and_skilled_Wages,Number_of_Completed_Works,Number_of_GPs_with_NIL_exp,Number_of_Ongoing_Works,Persondays_of_Central_Liability_so_far,SC_persondays,SC_workers_against_active_workers,ST_persondays,ST_workers_against_active_workers,Total_Adm_Expenditure,Total_Exp,Total_Households_Worked,Total_Individuals_Worked,Total_No_of_Active_Job_Cards,Total_No_of_Active_Workers,Total_No_of_HHs_completed_100_Days_of_Wage_Employment,Total_No_of_JobCards_issued,Total_No_of_Workers,Total_No_of_Works_Takenup,Wages,Women_Persondays,percent_of_Category_B_Works,percent_of_Expenditure_on_Agriculture_Allied_Works,percent_of_NRM_Expenditure,percentage_payments_gererated_within_15_days,Remarks
2019-2020,Aug,15,KARNATAKA,1501,BAGALKOTE,2191256,262.4641856,34,1063,2446.89936,3568,0,14767,2055457,299723,43103,121480,18116,20,7861.737836,60019,99402,107717,253382,274,198378,450035,18335,5394.838476,978384,63,54.99,65.21,104.24,NA
2019-2020,Aug,15,KARNATAKA,1507,VIJAYPURA,2549749,262.345441,38,321,4321.809236,6258,3,16898,2623124,488822,60879,31011,4223,70,11273.45546,67488,119570,122677,303541,284,243766,627847,23156,6881.646226,1102513,67,69.91,76.73,101.56,NA
2019-2020,Aug,15,KARNATAKA,1521,MANDYA,1049667,279.6642138,30,174,2421.549361,6822,0,14540,1445935,139542,42413,9815,2839,100,6565.31211,47471,78745,136060,335603,116,277023,636566,21362,4043.76275,718822,69,49.33,54.22,102.21,NA
2019-2020,Aug,15,KARNATAKA,1522,MYSURU,861895,263.52566,30,88,2008.539287,5741,0,14794,1068968,170920,69835,101647,41563,205.65994,5031.204205,34889,66930,125141,338944,89,263236,710595,20535,2817.004978,519430,82,44.09,42.13,108.45,NA
2019-2020,Aug,15,KARNATAKA,1524,SHIVAMOGGA,2520363,273.6212322,28,393,2347.763491,3986,0,15052,2059533,411779,80837,105349,17892,60,8043.083063,71605,121068,141228,366588,125,213863,516794,19038,5635.319572,1064923,71,74.27,78.21,102.24,NA
2019-2020,Aug,15,KARNATAKA,1525,TUMAKURU,2170758,267.0150262,36,486,5121.132021,14928,1,27686,2811241,357221,74387,180642,38549,200,12827.56791,76013,140964,180570,474269,414,365102,938211,42614,7506.435893,1383491,81,60.82,43.4,100.06,NA
2019-2020,Aug,15,KARNATAKA,1529,RAMANAGARA,1806205,307.0351572,47,209,5837.726807,10067,0,16594,2825624,376608,47417,50668,4948,0,14513.3859,59923,111824,122657,300379,492,169443,407746,26661,8675.659091,1377987,73,65.65,67.64,100.04,NA
2019-2020,July,15,KARNATAKA,1502,BENGALURU,46870,231.3719305,31,9,12.5499238,387,8,1966,45911,12473,7290,1890,733,15,133.7750908,1450,2865,9104,22872,0,46679,115723,2353,106.225167,23660,92,80.97,40.79,127.23,NA
2019-2020,July,15,KARNATAKA,1511,DAKSHINA KANNADA,468095,259.4437143,35,36,884.3142367,5400,0,14627,489395,32329,14899,29536,12052,0,2154.018802,13886,23950,60345,140642,84,126902,284973,20027,1269.704566,223441,88,53.06,38.26,100.54,NA
2019-2020,July,15,KARNATAKA,1513,DHARWAR,803018,259.5066485,28,90,1141.542784,1920,0,14781,839406,71930,17708,48481,11942,0,3319.857162,29179,53528,71732,203308,23,137827,362485,16701,2178.314378,353692,78,55.05,54.54,108.71,NA
2019-2020,July,15,KARNATAKA,1517,HAVERI,1438676,269.7345319,31,225,2412.861208,2485,0,30825,1590060,201261,49316,186785,38293,69.37942,6771.181526,49749,93435,126516,326168,43,214330,527180,33310,4288.940898,702954,82,40.17,47.59,104.75,NA
2019-2020,July,15,KARNATAKA,1520,KOPPAL,2130112,244.0209035,33,709,2296.995813,1965,0,14938,2638521,403573,73983,388055,64356,100,8835.538597,78421,151686,136401,433379,117,255117,807631,16903,6438.542784,1338105,70,77.11,77.39,101.85,NA
2019-2020,July,15,KARNATAKA,1522,MYSURU,718954,261.3138537,28,76,2007.339287,4566,0,15532,851221,137258,69711,78911,41462,47.5,4279.197685,30042,57525,124778,338270,49,262082,708437,20098,2224.358398,414705,82,47.26,41.33,108.38,NA
2019-2020,July,15,KARNATAKA,1527,UTTARA KANNADA,661459,329.9509164,25,74,722.7786997,2774,0,11691,635723,43679,15297,29028,8377,0,2820.352564,25018,40992,77822,199529,19,162130,389381,14465,2097.573864,311987,82,59.59,55.9,104.64,NA
2019-2020,July,15,KARNATAKA,1528,CHIKKABALLAPURA,970460,252.6783556,33,1060,1210.197789,2247,0,15941,1173559,241498,58898,147434,37689,0,4175.527373,35210,65368,96796,258971,89,182659,480116,18188,2965.329583,571589,77,67.57,73.27,101.04,NA
2019-2020,June,15,KARNATAKA,1503,BENGALURU RURAL,363018,249.6977686,26,170,730.292754,1600,1,10339,343604,60528,22980,18139,6718,0,1588.264275,12794,23780,45662,115047,18,81741,201063,11939,857.9715207,162779,84,64.79,59.86,100,NA
2019-2020,June,15,KARNATAKA,1510,CHITRADURGA,1753522,281.9479857,27,172,4369.53409,2848,0,25019,1793350,376062,104675,383577,95048,185,9610.848292,65436,115509,178615,472700,45,283065,720354,27867,5056.314202,915727,63,62.06,62.13,111.64,NA
2019-2020,June,15,KARNATAKA,1512,DAVANAGERE,1132116,299.0577454,34,134,3148.740662,2337,0,19000,1440049,291606,76833,260284,56507,85,7540.318735,41686,80565,135259,342948,177,248965,603735,21337,4306.578072,681953,66,57.64,60.78,100.86,NA
2019-2020,June,15,KARNATAKA,1513,DHARWAR,638621,252.2151878,25,76,1140.442784,1121,0,14801,620068,53213,17692,35333,11941,0,2704.348454,24733,44923,71567,203022,12,137517,361916,15922,1563.905671,261334,77,50.48,50.89,111.48,NA
2019-2020,June,15,KARNATAKA,1519,KOLAR,1393771,256.0273995,29,285,3162.038094,2464,1,16972,1361692,313679,83630,86169,19918,102.59746,6750.940171,45988,76452,112461,308591,26,210025,554538,19436,3486.304617,670989,77,72.17,62.04,101.32,NA
2019-2020,June,15,KARNATAKA,1521,MANDYA,696331,322.8073667,22,111,2415.127818,5334,0,14967,684605,69567,42338,5391,2834,100,4725.083191,30719,50092,135365,334483,20,275286,633653,20301,2209.955373,341974,70,49.06,52.08,101.7,NA
2019-2020,June,15,KARNATAKA,1526,UDUPI,140424,290.41941,26,10,102.3000414,713,1,5769,139671,6768,5026,4845,4554,50,557.9317356,5204,9305,29109,71909,14,68278,151478,6482,405.6316942,87723,95,86.64,65.83,101.39,NA
2019-2020,June,15,KARNATAKA,1530,Yadgir,581516,392.4220901,24,43,1759.019301,2978,0,9339,585528,101783,35306,56821,17700,200,4256.760517,23950,33279,87189,172292,12,184274,383354,12317,2297.741216,291828,68,75.69,74.73,99.82,NA
2019-2020,April,15,KARNATAKA,1510,CHITRADURGA,307336,512.8209976,14,45,6.3,1211,5,23637,304964,66250,104483,73470,94868,0,1570.219427,20585,34928,177350,470975,0,280673,716791,24848,1563.919427,157066,61,45.4,46.6,110.17,NA
2019-2020,April,15,KARNATAKA,1515,KALABURAGI,457381,443.5899825,14,130,34.8,1100,5,16224,454245,112621,93737,4694,5421,0,2049.785316,31006,49279,144144,363877,0,263568,646809,17324,2014.985316,258917,73,89.48,89.8,114.58,NA
2019-2020,April,15,KARNATAKA,1520,KOPPAL,328393,535.5587332,18,123,8.4,265,3,14488,325592,45498,73668,47309,64211,0,1752.136391,17397,31959,134019,430836,0,249835,799170,14753,1743.736391,168169,71,57.21,61.81,99.86,NA
2019-2020,April,15,KARNATAKA,1521,MANDYA,206216,471.0867924,14,60,0,1301,3,18116,205407,20339,42294,1883,2828,100,1067.645248,14105,22661,134968,333881,0,274456,632253,19417,967.6452476,100050,71,47.77,46.74,101.37,NA
2019-2020,April,15,KARNATAKA,1523,RAICHUR,1399112,263.1113613,23,170,0,1272,5,26371,1394616,233250,95419,288866,119133,0,3669.393142,60458,117861,205764,556859,0,264571,691201,27643,3669.393142,738082,66,63.77,79.01,99.88,NA
2019-2020,Feb,15,KARNATAKA,1501,BAGALKOTE,4029896,253.1708454,47,1350,4454.992364,8209,0,12344,3669721,549425,43462,204372,18207,155,13900.65604,76485,129324,109742,256832,8240,203008,457882,20553,9290.66368,1737934,62,46.58,59.51,104.3,NA
2019-2020,Feb,15,KARNATAKA,1519,KOLAR,3863919,252.4479579,54,456,7988.293067,10624,1,11773,4258010,982425,83855,255894,19970,296.63462,19034.18698,77568,133599,113814,310105,9593,214150,560197,22397,10749.25929,2112424,74,68.18,65.28,102.34,NA
2019-2020,Feb,15,KARNATAKA,1525,TUMAKURU,3992199,258.6997133,50,666,8562.288198,24036,7,24072,5125111,627511,74846,326176,38764,400,22220.93566,102398,191908,183060,478641,7354,390662,984735,48108,13258.64747,2502069,80,57.65,46.76,100.39,NA
2019-2020,March,15,KARNATAKA,1502,BENGALURU,110717,261.7944788,42,11,58.01997699,1206,6,1347,83713,21870,7295,2788,735,30,307.175989,1973,4005,9170,23013,17,46987,116346,2553,219.156012,42334,88,70.68,51.06,125.48,NA
2019-2020,March,15,KARNATAKA,1519,KOLAR,4139913,260.3209512,56,461,8557.153166,11724,1,10826,4444803,1027854,83759,267421,19963,296.63462,20424.54123,78619,135683,113801,309888,11259,214257,560042,22550,11570.75345,2204762,74,67.6,65.4,102.56,NA
2019-2020,March,15,KARNATAKA,1529,RAMANAGARA,3559025,288.2854275,70,303,13229.73255,17229,0,13286,6234947,828180,47604,105351,4969,150,31354.17616,88114,168416,123611,301916,17200,172306,412576,30515,17974.44361,3024406,72,68.9,70.83,100.03,NA
2019-2020,March,15,KARNATAKA,1530,Yadgir,1727276,283.6982034,45,140,2395.68667,7757,1,11520,2862047,550205,36325,294472,18148,200,10715.26259,62709,92021,90175,177359,5234,193346,398344,19277,8119.575919,1392493,70,71.31,72.38,100.23,NA
2019-2020,Jan,15,KARNATAKA,1509,CHIKKAMAGALURU,1835639,261.782722,48,180,3488.695226,6551,0,17485,2340325,343368,40889,68155,8487,180,9795.261713,48462,94966,83313,205697,1776,146182,347484,24036,6126.566488,1085683,59,59.24,70.33,101.46,NA
2019-2020,Jan,15,KARNATAKA,1514,GADAG,3541335,260.2406035,39,511,4324.392851,7754,0,12773,2931797,465266,50218,245010,23719,100,12054.11906,73775,145725,106736,294737,1689,145106,377640,20527,7629.726205,1336471,67,77.07,80.89,102.43,NA
2019-2020,Jan,15,KARNATAKA,1524,SHIVAMOGGA,4283376,267.7851502,34,445,3541.91778,6761,1,13778,2873848,540908,80900,137179,17919,151,11388.65596,84359,144807,141738,367490,2206,215133,519121,20539,7695.738184,1461622,70,70.17,75.33,103.01,NA
2019-2020,Jan,15,KARNATAKA,1526,UDUPI,359751,265.2360855,36,21,384.5983051,2455,1,4872,337875,18947,5041,14863,4598,50,1330.764729,9289,16658,29667,72982,222,70235,155558,7327,896.166424,212946,95,80.37,54.89,100.64,NA
2019-2020,Jan,15,KARNATAKA,1528,CHIKKABALLAPURA,1977216,245.1036303,50,1900,3259.705517,8033,1,14479,3052453,621570,59258,406777,37891,140,10881.37863,60993,115964,98235,261314,3192,185783,485843,22512,7481.673116,1488560,73,65.51,74.2,102.48,NA
2019-2020,Dec,15,KARNATAKA,1504,BELAGAVI,8408716,260.9918372,36,1674,11438.51147,14298,0,17099,6263266,597208,93726,487423,60144,480,28265.12447,173845,270049,329834,785382,5280,639777,1443552,31397,16346.613,3171364,73,48.91,58.84,107.32,NA
2019-2020,Dec,15,KARNATAKA,1509,CHIKKAMAGALURU,1684886,263.7166904,46,175,3488.695226,6180,0,17457,2199184,323169,40885,64402,8487,130,9418.310486,46964,91957,83258,205586,1253,145905,346938,23637,5799.615261,1020422,59,58.22,69.8,101.54,NA
2019-2020,Dec,15,KARNATAKA,1512,DAVANAGERE,2662154,291.573899,45,212,8014.268895,7894,0,15786,2747193,538649,77060,445173,56712,309,16333.36664,61009,119648,135924,343926,1590,250708,606866,23680,8010.097743,1288156,67,57.98,60.46,101.29,NA
2019-2020,Dec,15,KARNATAKA,1524,SHIVAMOGGA,3931601,269.8848947,32,435,3536.23314,6270,1,13907,2668360,506343,80893,128937,17917,151,10888.73372,81536,139473,141651,367329,1339,214688,518255,20177,7201.500576,1358556,70,70.68,75.71,103.17,NA
2019-2020,Nov,15,KARNATAKA,1508,CHAMARAJA NAGARA,2015252,263.8808414,43,307,4272.610493,8368,0,6717,2171337,538019,62873,195976,22514,0,10002.35284,50157,91703,87229,219057,402,169290,427197,15085,5729.742346,1088471,75,47.37,46.75,108.12,NA
2019-2020,Nov,15,KARNATAKA,1519,KOLAR,2991087,258.4205074,45,414,7358.743589,9344,1,12168,3253910,755949,83787,193605,19956,296.63462,16064.14894,71052,121096,113620,309763,332,213369,558742,21512,8408.770731,1612267,74,67.77,65.06,101.95,NA
2019-2020,Nov,15,KARNATAKA,1520,KOPPAL,3635447,268.3420406,43,862,6696.672597,4569,0,13418,3992250,600869,74104,585789,64415,200,17609.55771,92700,182059,137013,433925,730,258642,813016,17987,10712.88511,2000347,70,76.69,77.82,103.7,NA
2019-2020,Nov,15,KARNATAKA,1528,CHIKKABALLAPURA,1656277,255.3222596,44,1631,3247.549047,7363,1,13494,2371496,478169,59103,303665,37813,140,9442.50622,53097,100547,97876,260608,438,184757,483714,20857,6054.957174,1153369,75,65.01,74.11,101.83,NA
2019-2020,Nov,15,KARNATAKA,1530,Yadgir,1247957,300.7503646,35,91,2244.530337,5906,0,9508,1604563,302994,35966,166575,17960,200,7270.259409,45104,64408,88806,174961,538,188833,390197,15414,4825.729072,784189,69,77.34,78.04,99.96,NA
2019-2020,Sep,15,KARNATAKA,1501,BAGALKOTE,2536675,258.5906505,36,1124,2446.89936,4267,0,14417,2285519,337166,43216,136280,18148,20,8377.03781,63276,105303,108152,254056,320,199275,451437,18684,5910.13845,1084834,63,53.84,64.49,104.56,NA
2019-2020,Sep,15,KARNATAKA,1502,BENGALURU,65046,247.1634217,36,10,27.54232499,630,8,1822,62203,16821,7291,2431,733,15,196.2853882,1712,3458,9137,22937,1,46792,115917,2452,153.7430632,31743,89,76.8,46.71,126.18,NA
2019-2020,Sep,15,KARNATAKA,1503,BENGALURU RURAL,633485,247.2301284,37,261,1267.770477,3935,1,9178,728011,120412,23101,37201,6730,0,3067.633008,19258,36691,46265,115944,108,82980,203128,13113,1799.86253,343163,82,68.09,64.15,100.09,NA
2019-2020,Sep,15,KARNATAKA,1504,BELAGAVI,6240153,269.5862944,31,1524,8193.77854,9916,0,20667,4898444,466738,93544,371410,59585,200,21599.3122,157499,242461,327961,782352,304,635929,1437622,30583,13205.53366,2503666,73,50.51,58.72,106.3,NA
2019-2020,Sep,15,KARNATAKA,1513,DHARWAR,1114424,256.1698834,32,114,1822.156475,2902,0,14438,1052180,87282,17716,61710,11961,0,4517.524754,32756,60680,71852,203463,48,138077,362873,17340,2695.368279,441653,78,53.68,52.92,109.11,NA
2019-2020,Sep,15,KARNATAKA,1516,HASSAN,2221935,259.4126308,41,411,5472.424734,11515,0,23149,2976410,408836,64894,51607,7249,70,13263.60822,70949,137773,156042,396560,603,248016,604261,34664,7721.183484,1430309,76,51.01,46.34,104.45,NA
2019-2020,Sep,15,KARNATAKA,1517,HAVERI,1996588,272.9667175,35,247,4214.524525,3934,0,30474,1955333,255542,49366,227242,38332,69.37942,9621.312253,55538,105076,126849,326697,102,215088,528428,34408,5337.408307,863320,82,39.59,47.69,105.26,NA
2019-2020,Sep,15,KARNATAKA,1521,MANDYA,1215132,277.6915159,33,188,3290.555077,7450,0,14253,1722853,164598,42433,11633,2846,100,8174.771689,52090,86963,136374,336106,169,279705,641108,21703,4784.216612,849484,69,48.72,55.34,102.41,NA
2019-2020,Sep,15,KARNATAKA,1528,CHIKKABALLAPURA,1346799,249.250163,40,1440,2302.516536,4752,0,15083,1863266,379762,58986,236486,37713,140,7086.710078,46472,87320,97362,259597,248,183670,481533,19835,4644.193542,906050,76,65.82,74.32,101.36,NA
2019-2020,Oct,15,KARNATAKA,1510,CHITRADURGA,3407215,277.0867142,41,282,10289.46273,10291,0,20666,3997837,816117,105091,875875,95506,585.66993,21952.60784,97176,173488,180120,474853,325,286328,725688,30957,11077.47518,2052571,64,59.83,60.82,113.99,NA
2019-2020,Oct,15,KARNATAKA,1515,KALABURAGI,3925484,302.5944174,33,287,2586.209361,5643,0,16005,2885911,692226,95707,45099,5467,250,11568.81494,85209,142221,151722,375584,200,278288,669674,21648,8732.605578,1548163,68,83.48,90.25,108.09,NA
2019-2020,Oct,15,KARNATAKA,1516,HASSAN,2474070,262.5839387,44,438,8656.09312,14173,0,20860,3279818,444487,64926,55360,7249,180,17448.36841,74417,145036,156167,396791,802,248428,605041,35033,8612.275285,1574381,76,51.92,47.7,104.8,NA
2019-2020,Oct,15,KARNATAKA,1517,HAVERI,2223152,269.513164,36,257,4982.473299,5498,0,29259,2145937,279161,49407,249421,38358,69.37942,10835.43542,58211,110513,126956,326915,139,215442,529117,34757,5783.582706,946817,82,40.2,47.62,105.47,NA
2019-2020,Oct,15,KARNATAKA,1526,UDUPI,272854,287.1400932,31,15,383.3642607,1976,1,4992,231665,12396,5039,9847,4571,50,1098.567358,7404,13274,29374,72386,33,69266,153483,6968,665.203097,144645,95,82.04,55.28,100.82,NA
2019-2020,Oct,15,KARNATAKA,1530,Yadgir,1129926,306.7174932,33,87,2244.530337,5746,0,8946,1410799,267669,35909,142971,17934,200,6771.697664,41815,59316,88643,174644,95,188403,389414,14692,4327.167327,692940,69,77.03,77.7,99.94,NA
2019-2020,May,15,KARNATAKA,1502,BENGALURU,28184,204.9005089,25,6,12.5499238,242,11,2028,27902,7790,7272,1176,733,0,69.7212638,1092,2118,9075,22804,0,46552,115481,2270,57.17134,14474,92,82,29.17,115.56,NA
2019-2020,May,15,KARNATAKA,1504,BELAGAVI,2388946,255.5603388,21,1056,2962.974821,3397,0,25489,2373658,215052,93084,188350,58919,0,9029.103248,109969,165087,323335,775891,34,628059,1426833,28886,6066.128426,1259611,73,46.66,54.49,103.27,NA
2019-2020,May,15,KARNATAKA,1505,BALLARI,3573205,213.81107,34,363,1910.022648,2245,1,16880,3370959,684191,126787,917264,137242,0,9117.506157,96867,197143,174758,545147,336,280531,856910,19125,7207.483508,1716578,59,87.24,90.3,100.07,NA
2019-2020,May,15,KARNATAKA,1510,CHITRADURGA,1048315,310.6696405,22,112,18.1,1900,1,24714,1042509,220831,104656,233490,95055,185,3441.858963,46401,80978,178101,472184,9,282084,719108,26614,3238.758963,533178,62,61.71,61.84,110.97,NA
2019-2020,May,15,KARNATAKA,1512,DAVANAGERE,858863,301.5880089,30,111,1649.429865,1553,0,19002,1041639,209624,76699,200103,56473,85,4875.888185,34362,66006,134991,342508,42,248382,602681,20555,3141.45832,492718,66,55.93,59.67,100.38,NA
2019-2020,May,15,KARNATAKA,1519,KOLAR,875796,262.474466,24,219,3158.538094,1397,1,17228,872102,203856,83545,57371,19905,102.59746,5550.180621,36252,59473,112039,308019,5,209136,553173,18625,2289.045067,429791,77,70,58.58,101.72,NA
2019-2020,Feb,15,KARNATAKA,1505,BALLARI,13817670,241.8040426,53,542,6945.681915,13143,1,11174,7176781,1563543,127331,1808825,137587,325,24624.4285,133980,282116,176649,547650,8396,286423,867289,24317,17353.74659,3623320,55,72.32,79.84,100.68,NA
2019-2020,Feb,15,KARNATAKA,1508,CHAMARAJA NAGARA,2603324,261.4904651,47,341,4543.191871,9780,0,5689,2571740,634457,62925,235547,22554,134.06093,11402.10769,54267,99358,87592,219706,1107,172523,432671,15469,6724.854888,1289469,75,49.29,47.3,107.58,NA
2019-2020,Feb,15,KARNATAKA,1511,DAKSHINA KANNADA,1032021,255.2734984,48,72,2288.385794,10794,0,13677,1211380,76283,14992,76058,12153,158.2,5538.917898,24865,44234,61674,143214,1836,130195,291541,24471,3092.332105,540556,88,57.01,45.32,100.42,NA
2019-2020,Feb,15,KARNATAKA,1520,KOPPAL,4696310,255.192101,49,913,7355.295393,7223,2,11648,4809354,719585,74058,700014,64406,200,19828.38691,98148,194794,137156,433766,3414,260310,815830,18871,12273.09151,2405645,70,74.2,75.24,104.97,NA
2019-2020,Feb,15,KARNATAKA,1522,MYSURU,1585095,252.1853989,40,148,4001.56566,11854,0,10158,2157563,325590,70119,207314,41926,205.65994,9648.284458,52775,102832,126676,342048,2040,269279,722786,22012,5441.058858,1042795,81,42.17,43.77,111.71,NA
2019-2020,Feb,15,KARNATAKA,1523,RAICHUR,14175669,249.3470478,58,606,9666.391951,24255,0,14661,10501914,1670285,98031,2212900,122848,140,35992.60447,178779,361377,216122,575551,18338,286519,731733,38916,26186.21252,5449601,63,72.1,81.17,100.41,NA
2019-2020,Feb,15,KARNATAKA,1524,SHIVAMOGGA,4635151,267.0130413,35,456,4339.544002,8405,1,12361,3051274,569450,80915,145558,17926,214.62,12701.46351,86291,148658,141855,367680,3033,215422,519607,20766,8147.299505,1550440,69,69.54,74.94,103.1,NA
2019-2020,Jan,15,KARNATAKA,1504,BELAGAVI,9161075,257.5127677,38,1742,11455.41111,15051,0,16670,7068288,665512,93776,559180,60223,480,30137.15517,181857,283306,330472,786458,8813,641970,1446962,31721,18201.74406,3609989,73,48.4,59.55,107.71,NA
2019-2020,Jan,15,KARNATAKA,1505,BALLARI,12769008,245.4985685,51,531,6595.799473,12013,1,11987,6831695,1485331,127326,1742615,137578,325,23692.5129,132105,277480,176609,547575,5504,285970,866358,24000,16771.71343,3452112,55,74.64,81.63,100.71,NA
2019-2020,Jan,15,KARNATAKA,1515,KALABURAGI,5175638,288.3840033,37,318,2599.909361,7809,0,15229,3536799,839873,96320,54229,5497,250,13049.4719,95168,158516,154134,379513,2002,285396,681349,23038,10199.56254,1882984,67,81.6,86.92,106.84,NA
2019-2020,Jan,15,KARNATAKA,1518,KODAGU,427719,244.7447557,44,90,702.075294,1548,0,2402,441853,33846,6593,20104,2949,80,1863.487339,9958,17530,21332,51707,551,66775,157647,3950,1081.412045,206220,61,41.03,46.05,120.85,NA
2019-2020,Jan,15,KARNATAKA,1523,RAICHUR,13099837,257.0973761,56,601,9158.857711,23025,0,14647,9933369,1586224,98014,2074785,122820,0,34697.28877,176725,356651,216018,575371,11082,285670,730103,37672,25538.43106,5158174,64,74.26,83,100.32,NA
2019-2020,Jan,15,KARNATAKA,1525,TUMAKURU,3689220,260.5734013,47,649,7560.639247,22803,7,24280,4726115,583992,74825,301719,38741,400,20275.63785,98961,185278,182896,478343,4580,389760,983009,47083,12314.9986,2310158,80,58.16,46.35,100.33,NA
2019-2020,Jan,15,KARNATAKA,1529,RAMANAGARA,3069659,279.9352484,64,281,11866.65004,16075,0,13551,5334572,704811,47603,89581,4969,150,26949.99742,82779,157507,123540,301829,10336,171829,411759,29626,14933.34738,2591379,71,68.25,70.42,100.03,NA
2019-2020,July,15,KARNATAKA,1506,BIDAR,1202117,253.4870542,32,195,2171.071072,4174,0,14752,1491100,355030,58555,223357,32902,71.04092,6021.857457,46502,77017,96641,216288,70,160851,342752,18926,3779.745465,787937,71,77.02,66.12,115.95,NA
2019-2020,July,15,KARNATAKA,1515,KALABURAGI,2540313,307.7847897,30,264,1575.7757,3004,0,17374,2302886,549089,95386,36972,5485,0,8663.708533,75736,125951,150055,373417,62,274418,664466,20378,7087.932833,1253136,69,89.3,93.71,110.17,NA
2019-2020,July,15,KARNATAKA,1526,UDUPI,176573,300.4499769,27,11,102.7000414,877,1,5721,160367,8155,5032,6219,4564,50,634.5226558,5732,10270,29194,72067,15,68627,152209,6598,481.8226144,100649,95,84.27,62.52,101.21,NA
2019-2020,Oct,15,KARNATAKA,1506,BIDAR,1857602,267.6472592,39,233,3325.179432,7385,0,13176,2297688,535303,58969,349667,33199,146.95034,9621.828729,58620,98698,98409,218919,186,164209,347874,20561,6149.698957,1212371,69,67.91,56.69,110.43,NA
2019-2020,Oct,15,KARNATAKA,1507,VIJAYPURA,3286623,264.8118935,42,342,5159.142733,7665,3,16707,3236844,593352,61166,38058,4221,139,13869.69062,75942,134257,124609,304457,445,248320,632437,24372,8571.547887,1358010,67,68.8,75.69,102.1,NA
2019-2020,Oct,15,KARNATAKA,1513,DHARWAR,1240884,260.3452162,33,118,2280.938294,3672,0,13970,1151565,94215,17723,66130,11965,68.87532,5347.858003,34161,63367,71910,203587,79,138205,363130,17642,2998.044389,481690,78,53.15,52.3,108.77,NA
2019-2020,Oct,15,KARNATAKA,1527,UTTARA KANNADA,1022136,315.2074658,28,89,1484.387686,5645,0,9298,808543,54704,15302,35057,8381,105,4137.975586,28825,47663,77987,199793,43,162586,390190,14943,2548.5879,396523,82,57.98,52.78,104.19,NA
2019-2020,Sep,15,KARNATAKA,1508,CHAMARAJA NAGARA,1638699,257.008712,39,287,2735.034433,5562,0,8806,1807233,448235,62742,164795,22474,0,7379.780689,45881,83685,86723,218149,159,167589,424304,14368,4644.746256,907323,75,46.61,46.16,108.23,NA
2019-2020,Sep,15,KARNATAKA,1514,GADAG,2412213,255.775304,34,473,3881.671933,4871,0,14636,2353431,357928,50230,198378,23743,0,9901.167228,68359,134168,106652,294702,151,144523,376665,19507,6019.495295,1073992,68,77.84,81.73,101.16,NA
2019-2020,Sep,15,KARNATAKA,1519,KOLAR,2432199,257.2442307,41,388,6198.145111,6578,1,14307,2649736,615563,83658,161654,19947,102.59746,13117.03556,64298,109172,113314,309197,221,212070,556468,20885,6816.29299,1311385,75,69.87,65.31,101.72,NA
2019-2020,Sep,15,KARNATAKA,1525,TUMAKURU,2512947,267.5648041,39,517,6569.215634,17820,1,25999,3272704,412188,74416,208378,38541,200,15525.81968,82381,153286,180940,474626,486,366241,939643,43819,8756.604046,1606857,81,60.99,45.73,100.13,NA
2019-2020,May,15,KARNATAKA,1501,BAGALKOTE,912324,245.5386609,23,634,1541.838378,1684,1,14736,903496,134210,42444,54043,17896,0,3760.270358,38928,62528,104178,247703,23,192469,440524,16420,2218.43198,432766,63,58.34,64.57,102.54,NA
2019-2020,May,15,KARNATAKA,1506,BIDAR,711518,225.8097716,23,130,2164.371072,1925,0,15325,703771,178230,57724,109044,32290,71.04092,3824.59568,29522,48164,93730,211527,5,156068,334947,17250,1589.183688,379262,73,77.03,61.2,127.04,NA
2019-2020,May,15,KARNATAKA,1508,CHAMARAJA NAGARA,601368,270.4458905,24,138,1540.597831,1828,0,10434,597317,154029,62354,55492,22171,0,3156.017111,24255,43185,84864,215116,7,163387,417102,12262,1615.41928,301485,77,45.61,40.26,109.55,NA
2019-2020,May,15,KARNATAKA,1511,DAKSHINA KANNADA,269893,251.4893451,28,24,881.4728467,3873,0,14897,269701,17122,14872,16232,12012,0,1559.742125,9517,16119,59804,139587,14,125704,282614,18770,678.2692785,125033,88,52.28,36.15,100.23,NA
2019-2020,May,15,KARNATAKA,1516,HASSAN,848153,268.9308954,25,180,5172.015604,3949,0,26930,845835,123885,64875,14539,7254,0,7446.727243,33064,62284,155244,395709,19,245916,601429,30879,2274.711639,408778,76,36.4,33.15,100.76,NA
2019-2020,May,15,KARNATAKA,1517,HAVERI,769964,255.443144,24,129,2408.893589,1031,0,30223,765700,95911,49069,86309,38096,36.19092,4401.012663,31701,58350,125409,324191,7,212060,522992,31254,1955.928154,339888,82,32.93,43.05,108.32,NA
2019-2020,May,15,KARNATAKA,1520,KOPPAL,1096387,273.6624922,23,348,2282.996303,590,0,14817,1087907,153625,73711,165365,64181,100,5360.189712,47287,89320,134665,431014,4,251422,801219,15407,2977.193409,552030,71,69.38,71.66,100.72,NA
2019-2020,May,15,KARNATAKA,1525,TUMAKURU,910485,324.0105038,23,234,5110.829041,9336,1,27597,907554,121852,74045,61079,38446,100,8151.399329,38977,70529,178478,470910,11,360935,931550,36933,2940.570288,452337,81,55.88,34.84,100.04,NA
2019-2020,April,15,KARNATAKA,1505,BALLARI,1585561,202.4956854,22,217,1.5,1108,1,15680,1506425,284417,126123,417283,136417,0,3051.94563,66957,131544,172862,542147,11,277489,851679,16788,3050.44563,767091,61,84.89,86.15,99.98,NA
2019-2020,April,15,KARNATAKA,1506,BIDAR,282387,267.0359467,17,70,0,824,8,15463,279504,71249,57394,42931,31964,0,746.3761526,16001,25631,92587,209681,0,153794,331455,16287,746.3761526,150730,74,70.35,48.55,121.27,NA
2019-2020,April,15,KARNATAKA,1508,CHAMARAJA NAGARA,276875,292.7996442,18,102,12.375,710,2,10747,275214,66504,62229,27321,22111,0,818.2006128,15138,26696,84432,214493,0,162472,415638,11457,805.8256128,139458,77,42.76,37.21,109.83,NA
2019-2020,April,15,KARNATAKA,1509,CHIKKAMAGALURU,229147,320.4371073,19,36,0.002,1186,0,14334,228342,34758,40525,7921,8446,0,731.6944996,11502,21516,80924,201406,1,141797,339551,15520,731.6924996,107716,60,53.12,50.37,101.49,NA
2019-2020,April,15,KARNATAKA,1513,DHARWAR,179355,225.6204238,16,34,0,349,4,13797,177487,14741,17651,11371,11910,0,400.4469216,10733,18966,71245,202452,0,136901,360791,14146,400.4469216,75645,76,41.1,45.41,121.15,NA
2019-2020,April,15,KARNATAKA,1517,HAVERI,338421,301.369662,19,74,8.2,516,7,29744,336604,42442,48964,40698,38030,0,1022.622337,17625,31821,124976,323485,0,211361,521826,30260,1014.422337,149521,82,27.92,42.48,110.5,NA
2019-2020,April,15,KARNATAKA,1519,KOLAR,375411,287.8870143,17,140,1.07333,706,1,17099,373635,88075,83393,26115,19909,102.59746,1179.317436,21827,34824,111588,307360,0,208290,551894,17805,1075.646646,183114,77,63.97,50.96,101.5,NA
2019-2020,April,15,KARNATAKA,1522,MYSURU,179401,225.5457478,18,27,1.6,997,45,17185,176039,30364,69463,16107,41280,47.5,446.1484789,9609,17574,123511,335836,0,259395,703277,18182,397.0484789,87320,84,47.8,36.93,105.86,NA
2019-2020,April,15,KARNATAKA,1526,UDUPI,48952,247.1969868,20,6,0,179,25,6012,48851,2178,5013,1439,4536,0,120.7582,2365,4184,28964,71610,1,67924,150744,6191,120.7582,29796,95,84.73,61.96,101.53,NA
2019-2020,June,15,KARNATAKA,1501,BAGALKOTE,1453641,241.5127206,29,866,1544.978378,2367,0,14888,1441476,212743,42768,87133,17976,20,5046.326283,49409,80974,105542,249993,115,194689,444252,17255,3481.347904,694674,63,59.1,66.54,102.92,NA
2019-2020,June,15,KARNATAKA,1504,BELAGAVI,3575917,266.8702526,26,1287,2962.974821,5397,0,24108,3440759,314560,93247,256122,59056,200,12345.33706,131962,199897,325436,778691,118,631536,1431427,29505,9182.362235,1819363,73,50.47,57.9,103.7,NA
2019-2020,June,15,KARNATAKA,1507,VIJAYPURA,1691459,262.8597967,32,277,2650.180868,3938,3,17462,1720964,319901,60402,20627,4213,70,7243.90334,53447,93706,118879,299570,101,237000,619704,21400,4523.722472,725659,67,71.87,75.5,100.99,NA
2019-2020,June,15,KARNATAKA,1511,DAKSHINA KANNADA,372265,263.2510051,32,30,884.0142367,4637,0,14700,377458,24189,14879,22560,12028,0,1877.676216,11780,20158,60030,140032,52,126193,283584,19337,993.6619788,173905,88,55.1,38.5,100.27,NA
2019-2020,June,15,KARNATAKA,1524,SHIVAMOGGA,1671965,261.4421742,25,333,1478.593728,2368,0,15908,1617722,315119,80790,86807,17886,0,5708.001297,62563,104195,140971,366330,79,213361,516172,18276,4229.407569,854257,70,79.94,81.43,101.52,NA
2019-2020,March,15,KARNATAKA,1506,BIDAR,2839646,265.6736859,44,271,4031.92665,9666,0,12195,3043101,702881,59310,455235,33581,238.10218,12354.74742,68172,114930,99858,221323,331,170226,357951,21861,8084.718593,1611018,67,56.82,48.08,109.9,NA
2019-2020,March,15,KARNATAKA,1507,VIJAYPURA,5024137,265.5281527,55,397,6444.407421,13630,3,14231,4922504,895940,61840,57365,4247,256.5,19771.54136,89233,158443,126526,307515,13107,254698,642740,27861,13070.63394,2060430,69,64.48,73.08,102.6,NA
2019-2020,March,15,KARNATAKA,1511,DAKSHINA KANNADA,1105736,263.8373194,49,79,2308.065734,11833,0,13038,1290962,80407,14993,80072,12155,158.2,5872.305269,26120,46504,61739,143322,2149,130488,292117,24871,3406.039535,576530,88,56.92,45.53,100.42,NA
2019-2020,March,15,KARNATAKA,1514,GADAG,4105895,264.2314138,42,542,4905.868894,8645,0,12361,3190048,512393,50228,265086,23695,200,13534.97782,75814,150145,106785,294719,2808,145413,378100,21006,8429.10893,1453030,66,74.5,79.44,102.66,NA
2019-2020,March,15,KARNATAKA,1517,HAVERI,3398448,266.8836658,46,330,5743.366175,10090,0,26431,3175979,413869,49474,367356,38393,298.06929,14517.60465,68615,132278,127251,327418,5457,216953,532021,36521,8476.169181,1408569,82,43.9,46.8,107.14,NA
2019-2020,March,15,KARNATAKA,1520,KOPPAL,5031760,265.708728,50,936,7465.329953,7773,2,11243,5005444,750245,73747,730767,64074,300,21065.23153,99441,197616,137113,431507,4590,260403,813262,19016,13299.90158,2504538,70,72.94,74.03,105.01,NA
2019-2020,March,15,KARNATAKA,1521,MANDYA,2068310,272.235189,42,248,5134.207843,12114,2,10616,2842726,256342,42463,19963,2852,152.5,13025.60834,66888,113981,136800,336886,2825,281975,645250,22730,7738.9005,1375551,69,48.34,56.41,105.54,NA
2019-2020,March,15,KARNATAKA,1523,RAICHUR,15188217,253.556354,61,614,9820.514268,25357,0,15203,11101286,1775141,97982,2329630,122700,140,38108.5303,181849,368445,216150,575199,25837,287222,732613,40560,28148.01603,5754005,63,65.34,74.97,100.48,NA
2019-2020,March,15,KARNATAKA,1527,UTTARA KANNADA,1562501,295.6977736,37,126,1694.259227,7882,0,8859,1443826,91599,15302,60852,8384,289.55,6253.170564,38386,64563,78136,200041,2078,163345,391571,16741,4269.361337,697452,80,53.02,51.8,103.72,NA
2019-2020,Aug,15,KARNATAKA,1502,BENGALURU,56189,259.0722291,33,10,27.54232499,510,8,1905,51914,14011,7288,2117,733,15,177.037082,1569,3157,9121,22903,1,46721,115803,2415,134.494757,26614,90,79.25,43.57,125.28,NA
2019-2020,Aug,15,KARNATAKA,1505,BALLARI,7513358,246.0804866,47,492,4543.178746,6477,1,15521,6034198,1311339,127245,1584415,137503,50,19442.16255,125804,262669,176407,547212,2439,284861,864105,21998,14848.9838,3068771,57,82.74,87.69,100.41,NA
2019-2020,Aug,15,KARNATAKA,1509,CHIKKAMAGALURU,1080100,249.8927676,38,135,2488.827356,4364,0,17269,1477431,221790,40734,42463,8475,50,6230.820572,38067,73674,82503,204125,215,144411,344080,21633,3691.993216,688733,58,52.08,64.6,102.19,NA
2019-2020,Aug,15,KARNATAKA,1519,KOLAR,2101006,256.0993518,38,359,6198.145111,5615,1,14873,2306407,534104,83649,140521,19930,102.59746,12207.43595,60011,101481,113128,309169,158,211506,555948,20488,5906.693378,1140106,75,69.56,64.74,101.59,NA
2019-2020,Aug,15,KARNATAKA,1530,Yadgir,876593,324.0631623,29,68,1998.351503,5133,0,8175,1044615,190964,35647,104089,17818,200,5583.563906,34978,49000,87913,173264,42,186105,385014,13308,3385.212403,515871,68,75.49,75.52,99.88,NA
2019-2020,Dec,15,KARNATAKA,1514,GADAG,3250500,260.2863587,38,499,4324.392851,7463,0,12873,2781090,437153,50218,234989,23717,100,11663.19075,72476,142947,106723,294730,1130,144944,377335,20336,7238.797894,1267854,67,77.73,81.38,102.31,NA
2019-2020,Dec,15,KARNATAKA,1525,TUMAKURU,3386240,263.1951989,45,626,7552.639247,21923,7,24274,4325773,538129,74750,277252,38726,300,19237.8661,95709,178719,182704,477964,1659,388780,981028,46197,11385.22685,2116960,80,58.73,46.07,100.29,NA
2019-2020,Nov,15,KARNATAKA,1501,BAGALKOTE,3119571,255.169387,39,1226,3243.224867,6584,0,12862,2746429,407726,43352,156212,18185,155,10406.27091,68727,114958,109088,255602,2249,200962,454198,19446,7008.046044,1289184,63,50.78,61.61,104.73,NA
2019-2020,Nov,15,KARNATAKA,1511,DAKSHINA KANNADA,798895,253.4326967,42,54,1744.893447,9611,0,13147,883112,57742,14973,54956,12094,78.88,4061.868003,20668,36473,61251,142403,511,128906,288955,22758,2238.094556,397743,88,54.62,42.04,100.55,NA
2019-2020,Nov,15,KARNATAKA,1514,GADAG,2966509,259.5172992,37,491,4324.392851,6706,0,13375,2662343,414948,50273,225113,23752,100,11333.6335,71432,140888,106732,294845,642,144811,377218,20081,6909.240648,1214157,68,77.99,81.6,102.05,NA
2019-2020,Nov,15,KARNATAKA,1521,MANDYA,1494354,277.2477358,36,212,4245.786434,9296,0,12886,2134838,200975,42450,14434,2848,100,10264.57645,58551,98608,136580,336492,673,280828,643130,22182,5918.790018,1043492,69,47.95,56.38,103.48,NA
2019-2020,Nov,15,KARNATAKA,1523,RAICHUR,10973487,259.7217936,53,592,9141.657711,22118,0,13826,9311291,1484046,97958,1937292,122649,0,33325.10971,173641,350187,215760,574859,3876,283941,726821,35944,24183.452,4841534,64,76.87,85.14,100.14,NA
2019-2020,Nov,15,KARNATAKA,1525,TUMAKURU,3090390,266.861884,43,591,7545.752247,21057,6,24283,3956173,497107,74691,254612,38696,300,18403.27005,91266,170133,182283,477235,773,382842,970169,45340,10557.5178,1939774,80,59.34,46.05,100.15,NA
2019-2020,Nov,15,KARNATAKA,1529,RAMANAGARA,2571396,296.3631017,55,256,11866.65004,14915,0,13593,4181402,549263,47550,69452,4965,0,24258.7827,74970,141653,123288,301378,1158,171073,410417,28508,12392.13266,2033290,71,67.67,69.94,100.04,NA
2019-2020,Dec,15,KARNATAKA,1501,BAGALKOTE,3418215,255.5456908,42,1255,3243.224867,6985,0,12857,3043643,456352,43396,169341,18196,155,11176.1234,71509,119951,109353,256126,4337,201649,455485,19842,7777.898529,1436396,63,49.78,61.03,104.51,NA
2019-2020,Dec,15,KARNATAKA,1505,BALLARI,11720345,247.0412179,50,527,6588.385323,11447,1,12083,6601199,1432093,127314,1700290,137579,325,23221.06773,130861,274395,176589,547547,3701,285674,865741,23530,16307.6824,3338476,56,76.6,82.87,100.69,NA
2019-2020,Dec,15,KARNATAKA,1515,KALABURAGI,4750585,292.8562843,35,306,2595.909361,7289,0,15269,3267613,786368,96090,50472,5481,250,12415.31938,90869,151754,153039,377824,1119,281011,674253,22558,9569.410016,1749673,67,82.43,88.1,107.34,NA
2019-2020,Dec,15,KARNATAKA,1516,HASSAN,2994097,263.5711472,47,475,8658.89312,16685,0,19143,3795646,510498,64956,63536,7251,180,18843.12083,80115,156819,156291,397008,2452,248892,605924,35828,10004.22771,1817858,76,53.01,48.8,105.69,NA
2019-2020,Dec,15,KARNATAKA,1517,HAVERI,2690438,264.720972,40,296,4987.573299,8088,0,27567,2576633,342647,49465,300718,38374,129.34372,11937.80494,63405,121248,127132,327276,1957,216032,530299,35655,6820.887922,1143548,82,42.73,46.48,105.98,NA
2019-2020,Dec,15,KARNATAKA,1520,KOPPAL,3983477,263.4489837,44,878,6697.472597,4953,2,13299,4241273,635353,74091,620167,64438,200,18071.06321,94347,185578,137109,434020,1414,259076,813677,18252,11173.59061,2126342,70,76.19,76.99,104.15,NA
2019-2020,Dec,15,KARNATAKA,1528,CHIKKABALLAPURA,1814836,251.2101479,46,1742,3251.605617,7653,1,13948,2636255,536624,59185,342431,37848,140,10014.1457,56516,107190,98052,260959,960,185175,484563,21601,6622.540086,1282724,74,64.58,73.81,102.21,NA
2019-2020,Dec,15,KARNATAKA,1529,RAMANAGARA,2817562,287.4612759,59,269,11866.65004,15587,0,13421,4690577,618300,47591,79385,4967,150,25500.24253,79089,149898,123444,301669,4025,171453,411110,29008,13483.59249,2280050,71,68.03,70,100.04,NA
2019-2020,Feb,15,KARNATAKA,1504,BELAGAVI,9913434,255.4637378,41,1791,12260.31828,15570,0,16359,7844108,726336,93800,612639,60270,637.5,32936.66978,187835,293393,331086,787394,12810,643579,1449452,31929,20038.8515,4046617,73,48.3,60.42,108.53,NA
2019-2020,Feb,15,KARNATAKA,1514,GADAG,3832169,258.0318302,41,536,4704.220706,7991,0,12808,3104120,498467,50239,258560,23700,100,12813.83835,75219,148814,106785,294779,2452,145335,378039,20799,8009.617646,1414515,67,75.88,80.29,102.65,NA
2019-2020,Feb,15,KARNATAKA,1517,HAVERI,3171885,259.5141984,44,321,5582.726797,8933,0,27384,3019000,394680,49489,349434,38403,182.79684,13600.25729,67317,129589,127247,327495,4469,216735,531721,36317,7834.733649,1338994,82,43.28,46.7,106.89,NA
2019-2020,Aug,15,KARNATAKA,1504,BELAGAVI,5390430,273.9583056,29,1471,8193.77854,9232,0,21096,4509677,425545,93459,336806,59450,200,20748.41324,151611,232768,327366,781521,242,634951,1436278,30328,12354.6347,2325019,73,50.7,58.5,104.95,NA
2019-2020,Aug,15,KARNATAKA,1508,CHAMARAJA NAGARA,1415557,262.430787,36,265,2728.334433,4623,0,9437,1550100,381902,62660,144368,22411,0,6796.274061,42247,76692,86415,217684,109,166834,422996,14060,4067.939629,778536,75,45.05,44.69,108.24,NA
2019-2020,Aug,15,KARNATAKA,1510,CHITRADURGA,2643304,272.4167471,36,256,7005.662413,5917,0,23896,3293909,679933,104952,727877,95397,185,16163.82216,89800,159487,179656,474192,181,285211,723837,29813,8973.159751,1684892,63,57.46,58.73,112.34,NA
2019-2020,Aug,15,KARNATAKA,1516,HASSAN,1919374,258.2197556,39,368,5216.416214,9576,0,24543,2609236,362427,64893,45729,7248,70,12023.97903,65992,127502,155932,396472,414,247306,603062,34119,6737.562821,1255537,76,49.28,44.13,104.1,NA
2019-2020,Aug,15,KARNATAKA,1523,RAICHUR,7708020,253.8960827,51,555,6270.968923,9657,0,24521,8560843,1339963,97763,1782858,122263,0,28006.61395,167015,336668,215107,573781,1811,281490,722264,34178,21735.64503,4462627,64,79.66,88.32,100.03,NA
2019-2020,Aug,15,KARNATAKA,1526,UDUPI,211679,294.0528833,29,11,306.2229535,1470,1,5270,183372,9712,5034,7468,4566,50,895.4336067,6322,11378,29248,72155,21,68887,152706,6740,539.2106532,114821,95,83.03,58.95,101.06,NA
2019-2020,May,15,KARNATAKA,1514,GADAG,870934,210.0220074,22,285,2676.262071,1088,0,15593,860942,130495,49982,76400,23639,0,4484.429742,38986,73404,105593,293088,3,141714,371736,16681,1808.167671,393236,72,68.88,75.98,100.88,NA
2019-2020,May,15,KARNATAKA,1515,KALABURAGI,1385799,287.0518224,23,212,1573.58796,1818,0,16772,1373581,332998,94491,22293,5454,0,5516.477253,57927,94904,146777,368282,3,268097,654386,18590,3942.889293,766402,72,91.11,93.74,115.51,NA
2019-2020,May,15,KARNATAKA,1526,UDUPI,104106,264.1849544,24,7,102.3000414,432,1,5898,103984,4701,5020,3335,4541,0,377.0101244,4183,7469,29029,71740,10,68078,151052,6330,274.710083,64298,95,84.99,64.47,101.7,NA
2019-2020,May,15,KARNATAKA,1530,Yadgir,394419,459.1090036,20,37,1759.019301,1706,0,10285,390938,65955,35153,39129,17661,200,3753.850858,18783,25881,86868,171902,9,183533,382391,11991,1794.831557,194516,67,74.08,73.66,99.79,NA
2019-2020,March,15,KARNATAKA,1504,BELAGAVI,10622015,266.1854201,43,1822,13312.74518,17210,0,14851,8268229,761789,93803,647761,60269,637.5,35959.06528,191318,299366,331145,787441,15116,644422,1450676,32061,22008.8201,4289507,73,47.99,60.42,108.68,NA
2019-2020,March,15,KARNATAKA,1510,CHITRADURGA,5208482,270.1310361,53,344,12691.02495,14558,0,20373,6220101,1222003,105322,1404550,95806,585.66993,30079.11815,115879,209219,180853,476189,9764,288806,730211,34931,16802.42328,3212554,65,60.96,61.94,112.87,NA
2019-2020,March,15,KARNATAKA,1524,SHIVAMOGGA,4966233,270.8287306,36,461,4499.530079,9611,1,11451,3225078,602106,80930,152789,17926,214.62,13448.58789,88245,152651,141904,367766,3936,215680,520094,21062,8734.437808,1640201,69,68.77,74.31,103.16,NA
2019-2020,March,15,KARNATAKA,1528,CHIKKABALLAPURA,2292424,260.2559843,54,2066,4223.935686,10964,1,12333,3627863,737950,59282,495074,37940,300,13965.66625,66315,126288,98371,261558,6068,186652,487581,23297,9441.730561,1773057,72,67.54,75.61,102.48,NA
2019-2020,Sep,15,KARNATAKA,1518,KODAGU,291345,261.9279256,37,62,587.0991201,1004,0,2283,276619,20394,6557,12856,2935,80,1391.641529,7380,12898,21088,51236,25,66181,156551,3287,724.5424085,129850,61,37.21,42.68,113.01,NA
2019-2020,Sep,15,KARNATAKA,1522,MYSURU,997761,260.981743,32,96,2061.562014,6643,0,14236,1255431,198736,69903,120296,41699,205.65994,5543.667661,38698,74430,125578,339790,145,265415,714869,20879,3276.445706,610233,82,43.23,43.38,109.25,NA
2019-2020,Sep,15,KARNATAKA,1524,SHIVAMOGGA,2917662,271.0387322,29,401,2348.963491,4468,0,14828,2193558,435482,80835,111742,17902,60,8354.355284,74109,125718,141334,366742,157,214016,517010,19296,5945.391793,1127732,71,73.69,77.9,102.86,NA
2019-2020,Sep,15,KARNATAKA,1529,RAMANAGARA,2090927,302.0599398,50,227,7215.236876,10871,0,16542,3340796,441420,47474,58600,4954,0,17306.44326,66029,123905,122926,300719,687,170272,408993,27413,10091.20639,1628951,72,66.98,68.75,100.04,NA
2019-2020,Sep,15,KARNATAKA,1530,Yadgir,1014775,316.4573555,32,77,1998.351503,5516,0,8407,1226016,229039,35757,123235,17860,200,6078.169314,38304,53917,88212,173802,70,187575,387922,13923,3879.817811,602357,68,76.51,77,99.91,NA
2019-2020,Jan,15,KARNATAKA,1501,BAGALKOTE,3724055,254.5245772,45,1311,3243.224867,7597,0,12616,3375713,503354,43427,187937,18205,155,11990.24411,74138,124946,109532,256485,6437,202246,456590,20213,8592.019242,1598690,63,48.19,59.97,104.39,NA
2019-2020,Jan,15,KARNATAKA,1507,VIJAYPURA,4333318,255.5968619,50,375,5159.142733,9790,3,16413,4197749,770033,61693,48267,4239,139,16027.45745,83916,148439,125948,306613,7556,251983,638288,26203,10729.31472,1756319,68,66.44,73.74,102.53,NA
2019-2020,Jan,15,KARNATAKA,1516,HASSAN,3261990,260.6787173,48,486,8658.89312,17290,0,18936,4024170,539780,64987,66383,7251,180,19329.04786,82397,161411,156337,397085,3295,249243,606615,36226,10490.15474,1927026,76,53.44,49.54,106.58,NA
2019-2020,Jan,15,KARNATAKA,1519,KOLAR,3570675,252.8721886,51,444,7373.163589,9976,1,12233,3898964,902724,83850,232200,19968,296.63462,17529.19381,75612,129813,113774,310028,6042,213894,559701,22209,9859.3956,1934461,74,67.85,64.98,102.21,NA
2019-2020,Jan,15,KARNATAKA,1522,MYSURU,1464798,254.0271126,39,142,3120.211486,10227,0,11616,1995383,299232,70096,191481,41895,205.65994,8394.685245,50638,98395,126514,341715,1556,268564,721353,21843,5068.81382,965735,81,42.75,43.86,111.17,NA
2019-2020,Jan,15,KARNATAKA,1530,Yadgir,1489776,281.3566498,39,118,2251.730337,6385,1,10995,2122220,409958,36214,222579,18052,200,8422.73743,53295,76962,89484,176193,2381,191003,394073,17380,5971.007093,1033283,70,75.18,75.82,99.96,NA
2019-2020,April,15,KARNATAKA,1501,BAGALKOTE,381048,273.9580164,16,377,0,817,2,14477,379494,57088,42217,23326,17768,0,1039.654235,22682,35529,102931,245665,1,190792,437769,15294,1039.654235,181230,63,53.04,57.5,101.95,NA
2019-2020,April,15,KARNATAKA,1502,BENGALURU,13666,148.4002807,20,4,0,108,54,2065,13538,3688,7247,622,733,0,20.09043,647,1241,9027,22722,0,46436,115267,2173,20.09043,6982,92,78.95,31.12,115.99,NA
2019-2020,April,15,KARNATAKA,1503,BENGALURU RURAL,108313,195.5222845,17,86,0,439,4,10508,107750,19356,22923,5375,6705,0,210.6752616,6250,11520,45446,114772,1,81305,200447,10947,210.6752616,51627,85,57.79,55.55,100.13,NA
2019-2020,April,15,KARNATAKA,1504,BELAGAVI,987549,301.0401827,14,668,3.2,1936,1,25858,979551,92350,92906,71187,58623,0,2952.04212,67505,99418,321275,773156,0,625115,1423178,27794,2948.84212,504844,73,38.49,47.08,103.86,NA
2019-2020,April,15,KARNATAKA,1514,GADAG,271635,317.1292354,18,111,0,431,0,15025,269777,42998,49737,26481,23536,0,855.5417373,14338,26079,104638,291580,0,139771,368461,15456,855.5417373,125526,73,60.67,71.1,100.71,NA
2019-2020,April,15,KARNATAKA,1525,TUMAKURU,512588,378.7195462,18,176,4.5,2791,1,32195,511170,68547,73917,32769,38408,100,2040.400704,27029,48518,177874,470020,0,359874,930051,34986,1935.900704,255893,81,54.68,30.7,100.07,NA
2019-2020,July,15,KARNATAKA,1501,BAGALKOTE,1827846,254.6653108,32,1006,1546.828378,2965,0,15069,1866384,272606,43022,108022,18097,20,6319.860993,56945,94147,107114,252467,227,197439,448605,18034,4753.032614,891643,64,58.2,66.29,103.65,NA
2019-2020,July,15,KARNATAKA,1504,BELAGAVI,4496450,272.3705325,28,1414,3144.127752,6295,0,23725,4180408,390484,93431,311521,59389,200,14730.32728,146116,223426,327034,781104,204,634320,1435497,30020,11386.19953,2174158,73,50.87,58.39,104.2,NA
2019-2020,July,15,KARNATAKA,1512,DAVANAGERE,1423552,287.4612921,38,155,3177.727304,3058,0,18988,1855219,361339,76931,332192,56670,185,8695.763813,48799,95616,135505,343354,318,249484,604686,22046,5333.036509,880437,67,57.89,60.66,101.38,NA
2019-2020,July,15,KARNATAKA,1521,MANDYA,875585,286.2582279,26,146,2419.749361,6405,0,14475,1058681,105037,42378,7739,2835,100,5550.31083,40164,65963,135765,335153,58,276142,635142,20880,3030.56147,528445,69,49.45,54.11,101.62,NA
2019-2020,July,15,KARNATAKA,1523,RAICHUR,6429679,238.077237,47,530,4464.51923,8220,0,24811,7671161,1200363,97638,1615064,121920,0,22727.80738,159818,321854,214377,572595,923,279324,718435,33031,18263.28815,4005484,64,80.25,89.64,99.97,NA
2019-2020,July,15,KARNATAKA,1529,RAMANAGARA,1506654,320.7089727,42,185,5837.726807,9050,0,16257,2165953,284184,47386,38935,4939,0,12784.13242,51468,95395,122420,300164,247,168955,407136,25307,6946.405615,1057780,74,64.2,66.74,100.03,NA
2019-2020,June,15,KARNATAKA,1502,BENGALURU,37275,240.8138433,28,7,12.5499238,353,8,1980,37280,9945,7286,1538,733,15,117.3253246,1303,2540,9086,22821,0,46614,115571,2333,89.7754008,19335,92,83.08,33.19,121.66,NA
2019-2020,June,15,KARNATAKA,1515,KALABURAGI,2020249,310.090533,27,245,1573.58796,2186,0,17266,1877640,450896,94924,29986,5479,0,7395.971843,67286,111554,148517,371136,41,271624,660170,19452,5822.383883,1035733,70,89.79,93.78,112.24,NA
2019-2020,June,15,KARNATAKA,1517,HAVERI,1144144,255.9141892,28,193,2408.893589,1769,0,30585,1203738,151399,49219,140320,38220,69.37942,5558.809351,42536,79628,126004,325279,25,213145,525001,32354,3080.536342,532146,82,37.48,45.39,105.54,NA
2019-2020,June,15,KARNATAKA,1518,KODAGU,166955,240.2544757,30,49,371.0607587,583,0,2300,171336,12927,6565,6345,2917,0,782.7031672,5571,9676,20896,51068,4,65831,156130,2883,411.6424085,80008,61,37.97,44.73,109.43,NA
2019-2020,June,15,KARNATAKA,1520,KOPPAL,1694026,278.8427302,27,496,2282.996303,1144,0,15017,1745922,267163,73922,260990,64208,100,7251.372875,64023,121586,135601,432393,15,253294,804438,16161,4868.376572,889571,71,72.95,74.17,101.21,NA
2019-2020,June,15,KARNATAKA,1525,TUMAKURU,1440043,286.8178513,27,323,5110.829041,11886,1,26972,1411507,183897,74156,92506,38487,100,9259.28309,51663,94356,179171,472086,65,362137,933458,38858,4048.454049,700805,81,57.58,36.9,100.03,NA
2019-2020,June,15,KARNATAKA,1527,UTTARA KANNADA,526042,319.445299,24,67,720.3786997,2283,0,11888,541698,37200,15298,24747,8378,0,2450.807496,22394,36563,77759,199451,14,161954,389103,14171,1730.428796,266404,82,62.38,56.54,104.72,NA
2019-2020,June,15,KARNATAKA,1529,RAMANAGARA,1198205,371.9523506,35,147,5108.943644,7294,0,15836,1390662,182367,47333,23566,4936,0,10281.54364,39154,71801,122041,299625,52,168284,406133,23130,5172.599998,680252,74,59.92,63.99,100.03,NA
2019-2020,Oct,15,KARNATAKA,1502,BENGALURU,72427,257.7179659,38,10,46.54225199,804,7,1674,68218,18448,7293,2536,733,15,237.352294,1785,3621,9145,22959,2,46836,116031,2478,175.810042,34751,89,73.9,49.88,125.04,NA
2019-2020,Oct,15,KARNATAKA,1504,BELAGAVI,6948255,272.3745346,31,1559,11428.31147,12241,0,18606,5147128,487123,93601,392739,59729,350,25797.77741,160874,248012,328576,783317,359,637349,1439725,30847,14019.46594,2618515,73,50.13,58.78,106.94,NA
2019-2020,Oct,15,KARNATAKA,1505,BALLARI,9684706,247.1806691,48,512,6575.951993,10001,1,12684,6287886,1364531,127271,1633010,137553,175,22293.39068,128327,268406,176504,547376,2815,285283,864920,22685,15542.43869,3189409,57,80.22,85.64,100.63,NA
2019-2020,Oct,15,KARNATAKA,1523,RAICHUR,9935625,261.2638105,52,579,9141.657711,21255,0,13920,9041881,1431997,97875,1879498,122517,0,32764.82055,171699,346209,215519,574456,2039,283314,725735,35175,23623.16284,4704993,64,78.27,86.63,100.09,NA
2019-2020,Oct,15,KARNATAKA,1525,TUMAKURU,2798104,268.6778666,41,548,7542.552247,20114,1,24568,3636708,454180,74465,231794,38565,300,17613.58172,86956,162140,181221,475243,694,367466,941944,44682,9771.02947,1783701,81,59.58,45.82,100.14,NA
2019-2020,Oct,15,KARNATAKA,1528,CHIKKABALLAPURA,1499628,253.3897801,42,1537,3247.549047,6087,0,14375,2143229,433890,59060,272598,37785,140,8818.272296,50258,94902,97661,260198,356,184296,482799,20462,5430.723249,1042333,75,65.24,74.29,101.57,NA
2019-2020,Oct,15,KARNATAKA,1529,RAMANAGARA,2328196,299.680825,53,247,11866.65004,14184,0,13815,3770144,494010,47501,64224,4954,0,23165.04868,70425,132703,123069,300988,883,170638,409632,27999,11298.39864,1835871,71,67.04,69.68,100.05,NA
2019-2020,Nov,15,KARNATAKA,1507,VIJAYPURA,3629939,260.2235196,44,350,5159.142733,8518,3,16335,3549190,652257,61436,41625,4225,139,14533.96987,78873,139484,125358,305632,2411,250021,635074,24853,9235.827135,1488634,67,68.09,75.04,102.02,NA
2019-2020,Nov,15,KARNATAKA,1509,CHIKKAMAGALURU,1537680,264.238753,45,170,3488.695226,5765,0,17467,2067192,304437,40857,60219,8484,130,9081.017589,45506,88993,83145,205335,856,145614,346306,23232,5462.322363,960253,59,57.91,69.08,101.64,NA
2019-2020,Nov,15,KARNATAKA,1516,HASSAN,2732508,262.6013917,45,462,8656.09312,15920,0,19560,3551107,480911,64942,59403,7249,180,18161.34952,77291,151000,156250,396930,1722,248682,605508,35480,9325.256403,1702521,76,52.34,48.07,104.8,NA
2019-2020,Nov,15,KARNATAKA,1518,KODAGU,358292,242.9211415,40,80,702.075294,1369,0,2213,342991,25878,6568,15696,2938,80,1615.272946,8491,14915,21214,51481,194,66473,157076,3582,833.1976524,161311,61,38.42,44.17,115.66,NA
2019-2020,May,15,KARNATAKA,1507,VIJAYPURA,1212264,267.2553908,27,231,2650.180868,2584,3,17645,1199688,223970,59881,14846,4202,0,5856.41172,43585,75909,117069,297131,31,234000,615688,20229,3206.230852,508515,67,72.85,73.3,101.08,NA
2019-2020,May,15,KARNATAKA,1509,CHIKKAMAGALURU,470513,269.5535871,25,60,2488.285676,2430,0,13694,469311,69784,40551,16019,8454,0,3753.330311,18564,34971,81072,201646,12,142087,340035,16124,1265.044635,220523,60,44.7,52.95,105.34,NA
2019-2020,May,15,KARNATAKA,1521,MANDYA,447217,365.1946373,19,93,2412.627818,3937,0,15907,443501,44710,42308,3514,2831,100,4132.269686,23187,37582,135173,334233,8,274939,633112,19844,1619.641868,220456,71,49.44,49.71,101.56,NA
2019-2020,May,15,KARNATAKA,1524,SHIVAMOGGA,1109579,250.8246088,22,270,1471.448578,1358,0,16329,1108397,209909,80691,61881,17865,0,4251.581017,49673,81589,140628,365775,41,212838,515317,17687,2780.132439,590350,71,78.35,79.18,101.21,NA
2019-2020,May,15,KARNATAKA,1528,CHIKKABALLAPURA,476210,267.8868165,24,539,1199.134365,1208,0,14899,458493,92945,58695,58577,37562,0,2427.376667,18804,34455,96078,257697,6,181240,477575,16107,1228.242302,223265,79,69.01,70.25,101.37,NA
2019-2020,May,15,KARNATAKA,1529,RAMANAGARA,875923,454.6785133,29,101,5108.943644,6338,0,15772,872880,110125,47296,13854,4930,0,9077.741451,29127,52880,121813,299330,13,167742,405314,22110,3968.797807,427370,75,55.36,60.98,99.99,NA
2019-2020,Oct,15,KARNATAKA,1501,BAGALKOTE,2824525,260.9546226,37,1180,3242.624867,5331,0,13698,2476391,365637,43263,145399,18161,155,9859.881655,65878,109840,108604,254764,368,200080,452715,19029,6462.256788,1167404,63,51.51,62.16,104.66,NA
2019-2020,Oct,15,KARNATAKA,1511,DAKSHINA KANNADA,723336,256.0193151,40,51,1744.893447,8773,0,13333,767308,50254,14949,47963,12087,78.88,3788.230133,18819,32990,61065,142027,189,128444,288024,22106,1964.456687,346985,88,53.02,40.44,100.63,NA
2019-2020,Oct,15,KARNATAKA,1514,GADAG,2685940,260.3016694,35,485,4324.392851,5998,0,13815,2511387,388607,50240,213109,23746,100,10961.57514,70070,137967,106691,294769,205,144668,376947,19813,6537.182287,1145316,68,77.9,81.46,101.52,NA
2019-2020,Oct,15,KARNATAKA,1520,KOPPAL,3291610,268.884669,41,841,6696.672597,4369,0,13400,3827330,575404,74102,559063,64396,200,17187.7762,91239,178981,136935,433803,373,257882,811649,17769,10291.1036,1917295,70,77.28,78.3,103.46,NA
2019-2020,Oct,15,KARNATAKA,1524,SHIVAMOGGA,3248744,271.8667191,30,412,3536.23314,5716,0,13855,2340688,458665,80868,116784,17902,151,10050.78481,76783,130659,141497,367039,180,214295,517520,19571,6363.551669,1197295,70,72.33,76.98,103.18,NA
2019-2020,April,15,KARNATAKA,1507,VIJAYPURA,632210,279.5807104,20,171,0,943,3,17771,625244,121633,59387,7999,4184,0,1748.061617,29813,52065,115001,294707,8,230657,611945,18714,1748.061617,266554,66,71.19,66.7,101.23,NA
2019-2020,April,15,KARNATAKA,1516,HASSAN,354336,365.747633,20,84,14.9,1051,4,28407,353474,50573,64827,5503,7248,0,1307.722788,17506,32459,154915,395258,1,245328,600584,29458,1292.822788,171139,76,35.83,32.42,100.29,NA
2019-2020,April,15,KARNATAKA,1524,SHIVAMOGGA,426753,284.5374242,14,141,8.05508,588,1,16368,426102,71164,80608,23581,17811,0,1220.474735,28459,44902,140245,365185,0,212194,514283,16956,1212.419655,226475,72,69.02,71.15,101.18,NA
2019-2020,April,15,KARNATAKA,1528,CHIKKABALLAPURA,199181,335.1406215,20,275,0.4,512,2,14631,193292,40628,58630,23435,37546,0,648.2000101,9654,17616,95798,257314,1,180582,476583,15143,647.8000101,94319,80,63.51,67.84,102.5,NA
2019-2020,April,15,KARNATAKA,1530,Yadgir,176496,685.7656892,16,12,0,755,0,10773,174852,29690,35015,18765,17593,0,1199.075023,10651,14632,86407,171166,0,182679,380951,11528,1199.075023,88385,67,72.9,70.56,99.77,NA
2019-2020,Feb,15,KARNATAKA,1502,BENGALURU,103336,259.6686,42,11,55.24455699,1029,6,1524,82516,21585,7295,2774,735,30,299.512699,1962,3980,9170,23013,16,46970,116305,2553,214.268142,41755,88,70.62,50.87,125.18,NA
2019-2020,Feb,15,KARNATAKA,1503,BENGALURU RURAL,1006387,249.8102558,47,326,2078.907424,5937,1,7866,1126504,182611,23175,55078,6759,59.23,4952.259948,23644,45511,46585,116548,1364,83995,204968,13803,2814.122524,531133,81,66.25,66.08,100.65,NA
2019-2020,Feb,15,KARNATAKA,1506,BIDAR,2650337,260.3117432,43,266,3967.681405,8742,0,12923,2908310,668637,59325,432861,33569,238.10218,11776.45604,66365,111885,99832,221321,304,168849,355806,21665,7570.672458,1538116,67,59.44,49.59,109.59,NA
2019-2020,Feb,15,KARNATAKA,1515,KALABURAGI,5600690,274.5220629,39,337,2784.906858,8782,0,14887,4004693,922949,96529,61760,5525,250,14028.67269,101408,169107,155310,381469,3898,288927,687228,23669,10993.76584,2112051,66,79.03,85.77,106.57,NA
2019-2020,Feb,15,KARNATAKA,1518,KODAGU,462845,242.6538353,46,98,864.317686,1872,0,2207,486688,38259,6597,22042,2949,80,2125.284784,10503,18499,21355,51754,752,66880,157833,4079,1180.967098,227400,60,41.12,46.16,121.97,NA
2019-2020,Feb,15,KARNATAKA,1521,MANDYA,1930423,265.3087218,41,245,5028.515985,10609,2,12052,2673073,242380,42461,18221,2852,152.5,12272.91179,65088,110735,136763,336823,2185,281739,644787,22661,7091.89581,1295913,69,48.07,56.49,105.49,NA
2019-2020,Feb,15,KARNATAKA,1527,UTTARA KANNADA,1458334,278.0457447,36,122,1670.675864,7309,0,9075,1356441,86910,15304,57843,8384,105,5547.202344,37195,62374,78135,200059,1707,163259,391427,16384,3771.52648,657690,80,53.3,51.23,103.59,NA
2019-2020,Feb,15,KARNATAKA,1529,RAMANAGARA,3321757,275.1669124,68,294,11866.65004,16518,0,13700,5971298,788529,47612,100310,4969,150,28447.68638,86597,165314,123601,301933,15229,172111,412275,30218,16431.03634,2898979,72,68.63,70.79,100.02,NA
2019-2020,Jan,15,KARNATAKA,1503,BENGALURU RURAL,930009,249.7339654,45,322,1684.242989,5692,1,8018,1062059,171458,23160,52278,6759,0,4336.565045,23090,44387,46569,116519,941,83790,204630,13710,2652.322056,500657,81,66.37,66.19,100.5,NA
2019-2020,Jan,15,KARNATAKA,1508,CHAMARAJA NAGARA,2405750,263.7280612,46,330,4278.710493,9211,0,6130,2431529,601079,62912,222741,22543,134.06093,10825.39571,52803,96716,87524,219593,871,170899,430021,15341,6412.624288,1218916,75,48.54,47.01,107.77,NA
2019-2020,Jan,15,KARNATAKA,1510,CHITRADURGA,4492315,269.2190989,47,317,10312.36273,12934,0,19922,5075106,1002826,105302,1156912,95734,585.66993,24561.1873,106659,191548,180590,475738,4076,287608,728058,32856,13663.15464,2614651,65,61.19,62.13,112.72,NA
2019-2020,Jan,15,KARNATAKA,1511,DAKSHINA KANNADA,953698,254.3983445,47,69,1746.293447,10251,0,13800,1116071,71338,14989,70010,12145,158.2,4743.759594,23713,42133,61578,143030,1421,129817,290784,24051,2839.266147,499725,88,57.07,45.15,100.44,NA
2019-2020,Jan,15,KARNATAKA,1512,DAVANAGERE,2900347,287.9428254,46,222,8014.268895,8116,0,15889,2958719,591291,77113,471777,56732,309,16842.68798,63707,124793,136018,344123,2353,251426,608261,24005,8519.419085,1384962,66,58.77,61.14,101.3,NA
2019-2020,Jan,15,KARNATAKA,1513,DHARWAR,1636070,250.9289308,40,139,2288.018294,4625,0,14331,1589905,133975,17734,90720,11980,68.87532,6346.425231,38786,73015,72103,203971,2386,138687,364093,18956,3989.531618,664690,77,50.43,49.08,109.49,NA
2019-2020,Jan,15,KARNATAKA,1517,HAVERI,2931162,262.4317282,42,306,4987.573299,8544,0,27429,2770206,366047,49474,321940,38392,182.79684,12440.26962,65248,125118,127200,327403,3012,216401,531044,35973,7269.899481,1228938,82,42.95,46.6,106.42,NA
2019-2020,Jan,15,KARNATAKA,1521,MANDYA,1783918,270.0425638,39,232,4253.186434,9940,2,12599,2474565,226048,42450,16631,2852,152.5,11088.0652,62756,106410,136712,336727,1568,281448,644248,22539,6682.37877,1202966,69,48.04,56.33,104.8,NA
2019-2020,Nov,15,KARNATAKA,1502,BENGALURU,79993,261.0884321,39,11,46.54225199,841,6,1665,73827,19456,7295,2655,735,15,254.2960088,1857,3782,9158,22987,2,46866,116100,2506,192.7537568,37469,89,72.61,50.53,124.06,NA
2019-2020,Nov,15,KARNATAKA,1503,BENGALURU RURAL,779051,250.6973735,42,299,1684.242989,5259,1,8194,919590,148037,23138,46345,6748,0,3989.630966,21548,41272,46447,116283,239,83462,204005,13453,2305.387977,433951,82,67.62,65.52,100.11,NA
2019-2020,Nov,15,KARNATAKA,1505,BALLARI,10696357,247.0590288,49,518,6578.651993,11073,1,12079,6442620,1395251,127288,1666022,137563,175,22670.72639,129743,271673,176546,547459,3055,285455,865272,23152,15917.0744,3263541,56,78.61,84.38,100.65,NA
2019-2020,Nov,15,KARNATAKA,1506,BIDAR,2051644,265.9386757,40,240,3330.679432,7876,0,12948,2440810,569918,59044,369422,33285,146.99034,9968.727562,60457,101983,98713,219471,199,164903,349117,20824,6491.05779,1291141,68,65.47,54.56,109.96,NA
2019-2020,Nov,15,KARNATAKA,1512,DAVANAGERE,2429566,294.4805804,43,204,8011.868895,7496,0,15898,2555116,497253,77040,423368,56689,309,15845.18932,58999,115886,135849,343788,889,250566,606595,23394,7524.320426,1201840,67,57.24,59.81,101.36,NA
2019-2020,Nov,15,KARNATAKA,1513,DHARWAR,1370505,255.1978817,36,130,2280.938294,4204,0,13857,1302945,107169,17727,75155,11975,68.87532,5674.901653,36024,67222,71989,203757,777,138376,363491,18061,3325.08804,543772,78,53.29,50.89,108.32,NA
2019-2020,Nov,15,KARNATAKA,1515,KALABURAGI,4335534,298.5235366,34,290,2595.909361,6454,0,15560,3033997,733042,95888,47560,5472,250,11903.10451,87403,146019,152202,376376,472,279344,671450,22014,9057.195144,1626206,68,83.09,89.39,107.81,NA
2019-2020,Nov,15,KARNATAKA,1517,HAVERI,2455379,265.2155204,38,272,4985.773299,6996,0,28193,2367572,312297,49460,276133,38372,129.34372,11394.28542,60857,115959,127063,327145,972,215732,529710,35189,6279.1684,1047372,82,41.11,47.34,105.23,NA
2019-2020,Nov,15,KARNATAKA,1522,MYSURU,1227033,256.6490294,35,109,3118.411486,8978,0,12384,1626428,249019,70026,157398,41801,205.65994,7498.283101,45303,87521,126160,341006,570,267238,718592,21362,4174.211675,789113,81,42.17,44.27,108.9,NA
2019-2020,Nov,15,KARNATAKA,1524,SHIVAMOGGA,3588103,268.6892273,31,420,3536.23314,5980,0,13933,2521542,483859,80887,123542,17908,151,10462.34486,79522,135762,141573,367192,777,214481,517890,19913,6775.111716,1285766,70,71.68,76.5,103.15,NA
2019-2020,Nov,15,KARNATAKA,1527,UTTARA KANNADA,1128907,304.4411989,29,96,1484.387686,6182,0,9028,912237,59936,15303,38535,8385,105,4366.612945,30695,50869,78030,199873,240,162741,390465,15210,2777.225259,446793,81,56.43,51.93,103.73,NA
2019-2020,Dec,15,KARNATAKA,1510,CHITRADURGA,4123381,276.620771,44,298,10295.86273,12306,0,19635,4550559,914464,105264,1026226,95674,585.66993,23469.32405,102237,183041,180463,475524,1064,287242,727375,31941,12587.79139,2342785,65,61.21,62.11,113.79,NA
2019-2020,Dec,15,KARNATAKA,1513,DHARWAR,1501707,248.1433703,38,137,2282.338294,4529,0,14017,1453851,122027,17731,83192,11977,68.87532,5958.848484,37556,70420,72064,203910,1590,138528,363800,18546,3607.63487,607659,77,52.14,50.24,109.52,NA
2019-2020,Dec,15,KARNATAKA,1519,KOLAR,3277431,255.6071163,48,425,7369.143589,9679,1,12179,3531471,818570,83841,210763,19966,296.63462,16692.4694,73568,125838,113734,309966,1885,213626,559217,21858,9026.691188,1750319,74,67.85,65.14,102.17,NA
2019-2020,Dec,15,KARNATAKA,1521,MANDYA,1637412,272.652035,37,224,4251.086434,9714,2,12668,2300072,214022,42450,15505,2852,100,10622.27955,60648,102527,136647,336612,1138,281091,643613,22382,6271.193115,1121881,69,48.11,56.47,104.37,NA
2019-2020,Dec,15,KARNATAKA,1527,UTTARA KANNADA,1236980,294.1400646,31,105,1485.029616,6662,0,8859,1036857,66786,15305,44177,8385,105,4639.841466,32860,54663,78073,199953,568,162887,390748,15521,3049.81185,507294,81,55.01,51.29,103.67,NA
2019-2020,March,15,KARNATAKA,1503,BENGALURU RURAL,1078272,254.5307027,48,340,2079.96992,6701,1,7206,1171169,190445,23176,56391,6759,59.23,5120.184605,24020,46298,46593,116547,1672,84123,205181,13907,2980.984685,552285,81,66.17,66.14,100.75,NA
2019-2020,March,15,KARNATAKA,1508,CHAMARAJA NAGARA,2789275,264.3635499,48,349,4562.279653,10225,0,5305,2665392,656838,62928,243136,22554,134.06093,11742.66549,55158,100968,87612,219708,1299,172850,433194,15530,7046.324909,1336733,75,50.12,47.77,107.57,NA
2019-2020,March,15,KARNATAKA,1512,DAVANAGERE,3362721,289.6381074,49,232,9001.337067,9224,0,15450,3401445,683303,77131,540613,56739,419,19272.21799,68497,134110,136075,344211,3907,252170,609790,24674,9851.880922,1593659,66,60.14,62.19,101.56,NA
2019-2020,March,15,KARNATAKA,1513,DHARWAR,1896893,258.4394484,44,151,2706.490274,5857,0,13686,1840908,157003,17729,104359,11971,129.99584,7594.118595,41168,78001,72123,203882,3913,138892,364328,19543,4757.63248,771110,76,48.75,48.13,109.85,NA
2019-2020,March,15,KARNATAKA,1515,KALABURAGI,6000739,281.2472652,41,354,2867.525166,10454,0,13686,4477262,1008677,96572,69114,5541,391.18676,15850.88886,107254,179216,155766,382057,5865,290988,690378,24140,12592.17693,2346031,65,72.57,80.05,106.7,NA
2019-2020,March,15,KARNATAKA,1516,HASSAN,3782017,264.330861,51,514,9836.051964,19192,0,17779,4575092,612914,64982,74642,7251,180,22109.43204,88041,172902,156422,397176,5668,249695,607395,36971,12093.38008,2189921,76,55.35,51.23,107.81,NA
2019-2020,March,15,KARNATAKA,1522,MYSURU,1698316,259.1207353,41,150,4123.62677,13401,0,8727,2242840,338376,70127,215073,41926,447.53982,10382.83009,53940,105152,126699,342074,2335,269726,723683,22128,5811.663501,1082374,80,42.07,43.68,111.87,NA
2019-2020,March,15,KARNATAKA,1526,UDUPI,417102,280.7264441,38,27,477.353613,3038,1,4594,425878,23816,5044,18129,4612,50,1722.905779,11121,20105,29836,73319,388,71155,157460,7632,1195.552166,271554,94,80.64,57.63,100.54,NA
2019-2020,June,15,KARNATAKA,1505,BALLARI,4984231,226.7301295,42,425,1917.979308,2831,1,17703,4803710,1021180,127157,1285448,137417,50,12859.43721,113354,233953,175815,546662,1246,282707,860647,20534,10891.4579,2444377,57,86.92,90.67,100.09,NA
2019-2020,June,15,KARNATAKA,1509,CHIKKAMAGALURU,716520,268.4055392,29,81,2488.285676,3167,0,15319,721079,109561,40588,24593,8463,0,4423.701654,24281,46077,81252,201920,40,142433,340603,18486,1935.415978,338606,56,47.42,55.46,103.97,NA
2019-2020,June,15,KARNATAKA,1522,MYSURU,571766,264.8624757,25,55,2006.540615,3579,0,15992,584777,92943,69641,52459,41368,47.5,3602.895455,23157,43844,124349,337488,13,261308,707007,19571,1548.854839,285635,83,47.91,41.32,106.86,NA
2019-2020,July,15,KARNATAKA,1505,BALLARI,6267300,238.2864975,47,472,2063.890178,3421,1,18196,5811294,1260538,127287,1533145,137543,50,15961.41911,123623,257614,176315,547266,2254,284578,863946,21617,13847.52893,2958378,57,85.27,90.03,100.28,NA
2019-2020,July,15,KARNATAKA,1507,VIJAYPURA,2126884,262.7554984,35,295,2653.248718,4805,3,17627,2214627,411591,60870,26525,4234,70,8542.302929,61537,108395,121282,303077,195,241335,626026,22432,5819.054211,931404,67,70.17,77.41,101.26,NA
2019-2020,July,15,KARNATAKA,1509,CHIKKAMAGALURU,900970,252.060378,34,101,2488.827356,3810,0,16061,1084183,162592,40644,34198,8467,50,5271.623124,31520,60440,81690,202621,82,143220,341902,19871,2732.795768,506145,57,49.28,59.78,102.98,NA
2019-2020,July,15,KARNATAKA,1510,CHITRADURGA,2204924,266.8094302,32,231,7005.662413,4508,0,24524,2681127,551572,104874,596040,95298,185,14344.16208,82188,145099,179260,473668,102,284211,722208,29032,7153.499672,1369283,63,58.01,59.13,111.77,NA
2019-2020,July,15,KARNATAKA,1518,KODAGU,209933,253.5904275,34,58,371.0607587,685,0,2420,226937,17069,6565,9908,2930,0,946.5512672,6588,11531,21011,51253,14,66000,156398,3105,575.4905085,106341,60,37.08,42.74,110.19,NA
2019-2020,July,15,KARNATAKA,1519,KOLAR,1752563,257.3487567,34,323,3263.692423,3917,1,16102,1874758,432829,83673,116700,19936,102.59746,8190.956287,54517,91463,112880,309112,85,210907,555790,20019,4824.666405,927104,76,71.58,65.08,101.34,NA
2019-2020,July,15,KARNATAKA,1524,SHIVAMOGGA,2102372,270.0132919,27,377,1484.248996,2809,0,16028,1918077,383157,80835,98639,17892,60,6723.311846,69107,116368,141166,366520,96,213687,516536,18837,5179.06285,999229,71,78.23,80.81,101.82,NA
2019-2020,Aug,15,KARNATAKA,1506,BIDAR,1441120,266.8651658,35,215,2579.533495,4937,0,14761,1867426,439703,58759,284338,33048,71.04092,7634.083905,53000,88707,97440,217602,113,162383,345261,19698,4983.50949,986586,70,73.87,61.68,112.45,NA
2019-2020,Aug,15,KARNATAKA,1512,DAVANAGERE,1706581,300.7013964,39,172,7074.760145,4485,0,17999,2074125,397680,76957,368733,56648,185,13496.68298,52110,102741,135587,343436,396,249769,605176,22484,6236.922839,982625,67,57.86,60.33,101.42,NA
2019-2020,Aug,15,KARNATAKA,1518,KODAGU,251672,263.2220615,36,60,587.0991201,916,0,2277,256032,19111,6559,11556,2932,0,1261.031829,7062,12353,21050,51223,21,66085,156443,3193,673.9327085,120148,60,36.52,42.21,110.99,NA
2019-2020,Aug,15,KARNATAKA,1520,KOPPAL,2553618,258.5974793,37,774,6079.285817,3154,0,14194,3205768,485154,74054,467817,64376,100,14469.32106,84735,164907,136700,433771,223,255856,808956,17348,8290.035242,1615631,70,77,77.81,102.15,NA
2019-2020,Aug,15,KARNATAKA,1527,UTTARA KANNADA,792969,330.8856218,26,77,964.6889726,4123,0,10467,679913,47293,15296,30596,8378,105,3319.42333,26004,42696,77872,199592,26,162250,389581,14590,2249.734358,334281,82,59.05,54.66,104.45,NA
2019-2020,Sep,15,KARNATAKA,1506,BIDAR,1668292,266.2082796,37,223,2579.533495,5788,0,14447,2136163,496435,58887,323887,33137,71.04092,8337.217185,56793,95442,98069,218306,166,163514,346676,20235,5686.642771,1126276,69,72.21,60.05,110.89,NA
2019-2020,Sep,15,KARNATAKA,1509,CHIKKAMAGALURU,1250363,260.3017717,41,148,2538.783539,4679,0,17683,1746151,262357,40812,50015,8473,50,7134.045529,41857,81521,82879,204794,398,145071,345235,22362,4545.26199,812719,58,55.3,67.16,101.87,NA
2019-2020,Sep,15,KARNATAKA,1527,UTTARA KANNADA,917969,323.67362,26,83,964.6889726,4726,0,10032,730240,49532,15300,32307,8377,105,3433.283215,27212,44786,77917,199662,34,162372,389789,14758,2363.594243,358931,82,58.58,52.94,104.36,NA
2019-2020,Feb,15,KARNATAKA,1510,CHITRADURGA,4861249,263.5031794,51,335,10312.36273,13515,0,20544,5762492,1135928,105348,1304322,95812,585.66993,26082.38229,112450,202586,180799,476167,7612,288412,729633,34059,15184.34963,2973664,65,60.9,61.95,112.67,NA
2019-2020,Feb,15,KARNATAKA,1512,DAVANAGERE,3138540,284.2222699,48,227,8716.795367,8542,0,15775,3194836,641604,77124,508540,56735,419,18216.23077,66288,129794,136050,344172,3215,251738,608906,24317,9080.435399,1495859,66,59.13,61.41,101.38,NA
2019-2020,Feb,15,KARNATAKA,1513,DHARWAR,1770433,248.7778172,43,145,2659.828396,5212,0,14090,1736644,146939,17736,98070,11980,129.99584,7110.209272,40226,75976,72121,204001,3271,138833,364394,19302,4320.385036,726803,77,49.13,48.16,109.77,NA
2019-2020,Feb,15,KARNATAKA,1516,HASSAN,3529883,256.1332243,50,504,9782.84352,18490,0,18179,4364760,588627,64986,72274,7251,180,21142.44404,85682,168123,156410,397198,4814,249573,607218,36669,11179.60052,2088821,76,54.15,50.3,107.6,NA
2019-2020,Feb,15,KARNATAKA,1526,UDUPI,389295,260.8615403,37,22,470.2407606,2752,1,4736,395487,22030,5044,17004,4605,50,1551.91424,10423,18776,29794,73243,325,70773,156676,7488,1031.67348,250931,94,80.61,56.32,100.6,NA
2019-2020,July,15,KARNATAKA,1503,BENGALURU RURAL,456468,242.751232,31,207,731.9314412,2683,1,9786,490587,84317,23023,26309,6734,0,1922.837428,15624,29382,45945,115479,26,82226,201868,12469,1190.905987,231731,84,68.3,59.85,99.99,NA
2019-2020,July,15,KARNATAKA,1508,CHAMARAJA NAGARA,1180793,259.9102272,33,240,1541.522831,3175,0,10512,1284933,321380,62582,119031,22318,0,4881.195111,38141,68907,85967,216938,47,165905,421350,13687,3339.67228,645764,75,47.18,44.23,108.06,NA
2019-2020,July,15,KARNATAKA,1514,GADAG,1738162,252.060174,30,441,2676.681132,2701,0,15748,1890222,280717,50146,164445,23740,0,7441.177995,62003,120661,106506,294557,65,144037,375868,18449,4764.496863,862178,69,77.42,81.64,100.84,NA
2019-2020,July,15,KARNATAKA,1516,HASSAN,1601054,251.1056789,35,312,5215.216214,6516,0,26913,2088542,293491,64933,36764,7253,70,10529.66378,58383,112273,155749,396384,227,247040,603183,33429,5244.447568,1006731,76,46.91,41.83,102.93,NA
2019-2020,July,15,KARNATAKA,1525,TUMAKURU,1810748,268.5579133,32,435,5112.529041,13468,1,27641,2202070,282371,74363,141932,38546,200,11226.36228,67301,124234,179959,473535,256,363883,936533,41109,5913.833241,1089355,81,60.04,39.94,100.04,NA
2019-2020,July,15,KARNATAKA,1530,Yadgir,731214,346.4210587,26,60,1759.455188,3652,0,9152,817418,146634,35443,78422,17745,200,4791.163278,30340,42196,87612,172969,28,185680,385062,12804,2831.708089,406256,68,75.9,75.51,99.88,NA
2019-2020,Aug,15,KARNATAKA,1503,BENGALURU RURAL,547223,244.141222,35,239,1267.770477,3390,1,9350,617195,102990,23074,32107,6730,0,2774.597893,17567,33349,46094,115694,72,82499,202288,12740,1506.827415,291410,83,68.13,63.16,99.99,NA
2019-2020,Aug,15,KARNATAKA,1511,DAKSHINA KANNADA,561161,260.4499811,37,40,1474.818472,6387,0,14243,582959,39761,14923,35895,12054,78.88,3072.015077,15627,27080,60598,141132,124,127434,286028,20630,1518.316605,264965,88,52.59,38.8,100.48,NA
2019-2020,Aug,15,KARNATAKA,1513,DHARWAR,962673,258.8467914,30,106,1822.156475,2537,0,14536,952568,80113,17710,55536,11951,0,4287.848179,31381,57948,71776,203365,31,137924,362637,17073,2465.691704,401115,78,54.31,54.49,108.88,NA
2019-2020,Aug,15,KARNATAKA,1514,GADAG,2083742,256.9881466,32,460,3881.671933,4229,0,14765,2127490,319859,50214,182851,23749,0,9349.069053,65552,128062,106608,294653,104,144343,376320,18994,5467.39712,971940,69,76.98,81.39,100.89,NA
2019-2020,Aug,15,KARNATAKA,1515,KALABURAGI,3045375,303.7190525,31,273,1798.780831,4146,0,16623,2552167,608675,95459,39949,5480,150,9700.19826,79799,132816,150678,374022,111,275833,665892,20769,7751.417429,1378869,68,86.33,91.97,109.16,NA
2019-2020,Aug,15,KARNATAKA,1517,HAVERI,1724712,271.4638675,33,234,4214.524525,3181,0,30706,1792298,232566,49332,209491,38291,69.37942,9149.345413,52878,99825,126622,326327,70,214621,527696,33887,4865.441468,792165,82,39.63,47.94,104.7,NA
2019-2020,Aug,15,KARNATAKA,1528,CHIKKABALLAPURA,1163405,252.3330451,36,1261,2302.516536,4254,0,14769,1505301,310417,58911,190798,37703,0,6100.888387,41065,76738,97060,259259,156,183067,480732,19023,3798.371851,732708,76,66.17,73.72,101.4,NA
2019-2020,Sep,15,KARNATAKA,1505,BALLARI,8697730,247.3745482,48,503,4545.749696,7934,1,14380,6165609,1341374,127255,1607021,137518,175,19972.8971,127157,265751,176459,547276,2698,285100,864514,22314,15252.14741,3131845,57,81.86,87,100.49,NA
2019-2020,Sep,15,KARNATAKA,1507,VIJAYPURA,2951680,262.1958452,41,334,4321.809236,6953,3,16893,2978172,550190,60891,35142,4219,139,12269.45248,72632,128751,123825,303137,372,246085,628695,23846,7808.643246,1251290,67,70.03,76.58,102.04,NA
2019-2020,Sep,15,KARNATAKA,1510,CHITRADURGA,3059983,275.7707234,39,275,7040.339511,7846,0,22637,3701336,759491,104992,811674,95449,185,17432.54057,94177,167735,179909,474485,247,285861,724841,30483,10207.20106,1897310,64,58.79,60.07,113.42,NA
2019-2020,Sep,15,KARNATAKA,1511,DAKSHINA KANNADA,649620,259.0380668,38,45,1475.018472,7746,0,13659,667396,44600,14929,41567,12070,78.88,3282.708169,17214,29975,60814,141503,147,127879,286858,21405,1728.809697,302319,88,53.18,39.53,100.44,NA
2019-2020,Sep,15,KARNATAKA,1512,DAVANAGERE,1975599,299.1092196,40,180,7077.160145,5703,0,17075,2237023,433039,76994,386685,56637,185,13953.30218,54711,107741,135699,343607,452,250143,605885,22778,6691.142037,1057927,67,57.93,60.15,101.47,NA
2019-2020,Sep,15,KARNATAKA,1515,KALABURAGI,3525434,302.7669022,33,280,1798.780831,4977,0,16374,2756505,658268,95558,43182,5467,250,10394.56563,83410,139020,151288,374847,171,277330,668046,21351,8345.784798,1482813,68,84.75,90.87,108.44,NA
2019-2020,Sep,15,KARNATAKA,1520,KOPPAL,2956159,256.5964925,40,828,6079.285817,3601,0,14000,3680286,551483,74064,535222,64361,200,15722.77061,89855,175982,136842,433659,340,256317,809554,17601,9443.484789,1845606,70,77.83,78.72,102.88,NA
2019-2020,Sep,15,KARNATAKA,1523,RAICHUR,8923078,260.9767037,52,567,6273.368923,14504,0,20133,8852843,1397261,97806,1840585,122387,0,29377.22677,169986,342694,215322,574060,1909,282392,723839,34637,23103.85784,4610416,64,79.41,88.09,100.05,NA
2019-2020,Sep,15,KARNATAKA,1526,UDUPI,245048,285.9769868,30,13,306.2229535,1737,1,5110,205626,11074,5035,9022,4567,50,944.2659923,6849,12313,29323,72276,25,69103,153125,6847,588.0430388,128501,95,83.36,57.07,100.93,NA
2019-2020,Oct,15,KARNATAKA,1503,BENGALURU RURAL,705369,250.6800688,40,284,1684.242989,4900,1,8394,831683,135410,23113,42555,6735,0,3769.106506,20445,39130,46370,116129,179,83271,203639,13294,2084.863517,392373,82,68.21,65.28,100.07,NA
2019-2020,Oct,15,KARNATAKA,1508,CHAMARAJA NAGARA,1824651,261.1660487,41,293,4272.610493,7747,0,7056,2006500,497489,62840,181310,22496,0,9512.90726,48244,88120,87075,218782,229,168576,426065,14803,5240.296767,1006681,75,46.96,46.47,108.69,NA
2019-2020,Oct,15,KARNATAKA,1509,CHIKKAMAGALURU,1392248,263.3904825,43,165,3485.395226,5443,0,17372,1922506,286074,40838,55123,8481,130,8679.093055,43962,85860,83040,205126,478,145372,345822,22815,5063.697829,893329,59,56.6,68.23,101.73,NA
2019-2020,Oct,15,KARNATAKA,1512,DAVANAGERE,2199780,297.6990888,41,194,8009.868895,7020,0,16072,2376857,460243,77032,403389,56680,309,15394.75053,56859,111813,135796,343760,510,250422,606398,23092,7075.881631,1121310,67,57.19,59.91,101.44,NA
2019-2020,Oct,15,KARNATAKA,1518,KODAGU,324405,260.5499543,38,69,702.075294,1308,0,2083,297419,21921,6567,13989,2935,80,1557.000363,7701,13527,21147,51350,34,66314,156797,3391,774.9250685,139753,61,37.82,43.69,113.5,NA
2019-2020,Oct,15,KARNATAKA,1519,KOLAR,2708193,257.1590283,43,403,7358.743589,8362,1,12846,2976156,691357,83717,179066,19950,296.63462,15308.83206,68126,115923,113465,309492,286,212948,558031,21208,7653.45385,1473904,75,67.74,64.79,101.87,NA
2019-2020,Oct,15,KARNATAKA,1521,MANDYA,1353020,275.4550987,34,203,4245.786434,8853,0,13098,1943968,181973,42442,13316,2846,100,9700.545407,55635,93298,136469,336282,232,280451,642429,21951,5354.758973,953484,69,47.86,56.04,103.07,NA
2019-2020,Oct,15,KARNATAKA,1522,MYSURU,1110982,259.6636829,34,103,3118.411486,8377,0,12729,1436981,223619,69988,139295,41752,205.65994,7055.389212,41959,80923,125914,340463,200,266668,717384,21106,3731.317787,698335,82,42.05,44.13,108.96,NA
2019-2020,June,15,KARNATAKA,1506,BIDAR,956014,242.1036851,28,171,2167.571072,2711,0,15265,1059687,260695,58069,162000,32614,71.04092,4804.15327,37402,61379,95099,213865,16,158199,338543,17976,2565.541278,565293,72,77.93,66.4,123.36,NA
2019-2020,June,15,KARNATAKA,1508,CHAMARAJA NAGARA,939056,258.6228609,29,190,1540.597831,2586,0,10384,926763,234923,62447,85365,22246,0,3937.418816,31429,56533,85365,215930,21,164453,418889,12970,2396.820985,465779,76,47.19,43.59,109.54,NA
2019-2020,June,15,KARNATAKA,1514,GADAG,1382318,231.6438337,27,383,2676.262071,1756,0,15851,1459936,215881,50086,126845,23714,0,6058.11379,53729,103346,106193,294106,21,143107,374275,17607,3381.85172,665572,71,74.62,79.95,100.68,NA
2019-2020,June,15,KARNATAKA,1516,HASSAN,1273279,256.5095563,30,243,5172.015604,5587,0,26530,1381514,201944,64918,23343,7254,0,8715.731036,45394,86386,155487,396102,93,246474,602435,32117,3543.715432,665612,76,42.25,37.7,101.79,NA
2019-2020,June,15,KARNATAKA,1523,RAICHUR,5113366,229.589288,40,480,4437.757454,6366,0,24960,5802366,901536,97034,1210370,121043,0,17759.36824,142762,285977,211932,568260,334,274486,709577,31326,13321.61078,3030752,64,79.9,89.45,99.92,NA
2019-2020,June,15,KARNATAKA,1528,CHIKKABALLAPURA,771783,263.6157314,28,786,1199.134365,1668,0,15498,777217,159309,58767,97800,37633,0,3248.000645,26829,49580,96412,258310,27,181948,478886,17166,2048.866279,378944,78,69.77,72.02,101.08,NA
2019-2020,Nov,15,KARNATAKA,1504,BELAGAVI,7674060,266.8841183,33,1611,11432.81147,13312,0,17814,5612694,538006,93665,427426,59880,480,26892.20037,166711,257849,329052,784097,2262,638224,1441103,31126,14979.38889,2839059,73,49.59,58.74,106.79,NA
2019-2020,Nov,15,KARNATAKA,1510,CHITRADURGA,3763128,276.9686987,42,293,10289.46273,11530,0,19915,4262495,865596,105210,942644,95583,585.66993,22680.9096,99775,178460,180316,475238,444,286677,726353,31445,11805.77694,2191808,64,60.55,61.44,114.09,NA
2019-2020,Nov,15,KARNATAKA,1526,UDUPI,301356,276.932992,33,15,383.3642607,2194,1,4899,263852,14581,5040,11779,4575,50,1164.057499,7942,14281,29465,72575,85,69531,154070,7093,730.693238,164420,95,81.15,54.58,100.73,NA
2019-2020,Dec,15,KARNATAKA,1502,BENGALURU,87651,266.7996679,40,11,46.54225199,969,6,1562,77086,20173,7295,2753,735,15,267.207444,1903,3870,9162,22995,3,46891,116157,2531,205.665192,38953,89,71.74,52.02,124.08,NA
2019-2020,Dec,15,KARNATAKA,1503,BENGALURU RURAL,853632,250.9710044,44,307,1684.242989,5415,1,8174,981074,158406,23154,48583,6756,0,4146.454261,22246,42727,46501,116397,339,83596,204273,13589,2462.211272,462827,81,66.48,65.9,100.5,NA
2019-2020,Dec,15,KARNATAKA,1506,BIDAR,2248053,265.9267714,41,244,3332.179432,8141,0,12919,2568006,595015,59191,387701,33408,146.99034,10308.18522,61982,104646,99206,220305,225,166205,351321,21060,6829.015444,1359132,68,63.68,52.82,109.84,NA
2019-2020,Dec,15,KARNATAKA,1507,VIJAYPURA,3977441,262.2018052,47,361,5159.142733,9030,3,16350,3815216,700948,61582,44619,4234,139,15301.70796,81140,143432,125714,306177,4407,250889,636360,25380,10003.56522,1598261,67,67.29,74.18,102.32,NA
2019-2020,Dec,15,KARNATAKA,1508,CHAMARAJA NAGARA,2208176,265.853156,44,321,4272.610493,8919,0,6273,2315997,575553,62905,210806,22540,134.06093,10563.82254,51576,94438,87405,219361,649,169931,428240,15192,6157.151118,1160565,75,48.16,47.01,107.85,NA
2019-2020,Dec,15,KARNATAKA,1511,DAKSHINA KANNADA,875375,254.1876639,45,67,1745.593447,9963,0,13472,1003470,64827,14978,62466,12114,78.88,4375.170398,22291,39496,61426,142722,962,129343,289799,23435,2550.696951,449630,88,56.18,44.04,100.48,NA
2019-2020,Dec,15,KARNATAKA,1518,KODAGU,392592,240.3189052,42,84,702.075294,1446,0,2358,395762,30020,6593,17431,2946,80,1733.166199,9332,16403,21292,51634,390,66648,157409,3804,951.0909054,184744,61,39.85,45.49,117.99,NA
2019-2020,Dec,15,KARNATAKA,1522,MYSURU,1344500,257.8018297,37,128,3118.411486,9710,0,11911,1799965,273650,70066,173321,41854,205.65994,7964.414129,48078,93175,126354,341429,922,267880,719954,21621,4640.342704,873012,81,42.73,44.12,110.58,NA
2019-2020,Dec,15,KARNATAKA,1523,RAICHUR,12024005,259.0812504,54,594,9157.257711,22651,0,14136,9574206,1532830,97983,1999870,122726,0,33962.23034,175106,353136,215881,575086,6792,284556,727976,36787,24804.97263,4974115,64,75.55,84.01,100.2,NA
2019-2020,Dec,15,KARNATAKA,1526,UDUPI,330206,276.5390881,34,17,383.3642607,2307,1,4886,292240,16335,5040,13241,4575,50,1241.522092,8501,15210,29542,72747,134,69778,154613,7193,808.1578311,182925,95,81.01,54.62,100.69,NA
2019-2020,Dec,15,KARNATAKA,1530,Yadgir,1367427,295.7412386,37,108,2244.530337,6136,1,10344,1819685,347852,36121,191760,18005,200,7826.089295,49063,70619,89156,175607,1291,189535,391456,16480,5381.558958,887603,70,76.39,77,99.94,NA
2019-2020,Jan,15,KARNATAKA,1502,BENGALURU,95493,263.9560311,41,11,46.54225199,990,6,1557,79256,20809,7295,2753,735,15,270.743244,1925,3909,9170,23013,8,46955,116270,2547,209.200992,40142,89,70.68,51.55,124.96,NA
2019-2020,Jan,15,KARNATAKA,1506,BIDAR,2449195,263.0922308,42,260,3332.179432,8367,0,13059,2724147,627508,59295,408206,33468,238.10218,10737.30072,64059,108075,99572,220884,263,167270,353062,21426,7167.019111,1439679,68,61.46,51.06,109.66,NA
2019-2020,Jan,15,KARNATAKA,1520,KOPPAL,4339893,262.6702791,46,885,6706.472597,5325,2,13248,4451246,664437,74064,648930,64409,200,18598.57289,95707,188599,137133,433804,2031,259761,814828,18573,11692.10029,2230613,70,75.27,76.2,104.8,NA
2019-2020,Jan,15,KARNATAKA,1527,UTTARA KANNADA,1347657,287.993939,33,111,1485.029616,6938,0,8943,1174732,75847,15303,49760,8384,105,4973.186576,34902,58256,78096,199998,1012,163067,391087,15881,3383.15696,572611,80,53.76,50.87,103.69,NA
2019-2020,April,15,KARNATAKA,1511,DAKSHINA KANNADA,133914,266.0687602,23,11,1.2,1687,0,16285,133798,8565,14865,8353,11997,0,357.1946798,5734,9489,59508,138960,1,125115,281433,17972,355.9946798,62380,88,51.48,36.38,100.14,NA
2019-2020,April,15,KARNATAKA,1512,DAVANAGERE,365298,358.0213745,22,69,0,674,3,18962,436940,91249,76565,84943,56407,85,1649.338594,19255,35898,134680,342017,3,247611,601293,19636,1564.338594,206422,65,41.23,49.26,100.44,NA
2019-2020,April,15,KARNATAKA,1518,KODAGU,47775,214.8582057,20,26,0,155,25,2296,47449,3501,6557,1775,2890,0,101.94807,2348,4064,20712,50784,1,65518,155642,2451,101.94807,22719,64,29.12,36.21,124.93,NA
2019-2020,April,15,KARNATAKA,1527,UTTARA KANNADA,168316,412.7054348,17,28,2.7,422,9,12709,167699,10431,15283,7763,8378,0,694.8028871,9359,15084,77544,199096,0,161464,388235,13131,692.1028871,82865,83,53.57,48.44,109.06,NA
2019-2020,April,15,KARNATAKA,1529,RAMANAGARA,381532,796.801976,23,56,0,3095,0,17073,379982,45231,47257,6281,4927,0,3027.704085,15950,28658,121578,298999,1,167265,404590,20168,3027.704085,186972,75,50.94,57.44,99.98,NA
2019-2020,May,15,KARNATAKA,1503,BENGALURU RURAL,237293,237.4984101,22,131,730.292754,1070,1,10562,235692,41124,22931,12009,6713,0,1290.057507,10290,19076,45523,114813,6,81455,200558,11632,559.7647527,112058,85,63.42,58.03,100.04,NA
2019-2020,May,15,KARNATAKA,1513,DHARWAR,385348,228.5950886,21,57,1140.442784,800,0,14162,382486,32969,17687,22922,11925,0,2014.786994,17636,31783,71395,202704,4,137154,361242,14962,874.3442107,162386,77,44.45,48.41,118.77,NA
2019-2020,May,15,KARNATAKA,1518,KODAGU,100346,236.7740718,26,36,371.0607587,494,0,2121,99886,7371,6563,3610,2904,0,607.5649081,3840,6678,20786,50896,1,65618,155768,2615,236.5041494,46587,63,30.34,37.38,114.97,NA
2019-2020,May,15,KARNATAKA,1522,MYSURU,398741,271.0765259,22,46,2006.540615,2733,2,16373,392209,65833,69565,34312,41352,47.5,3117.227147,17678,33070,124012,336856,4,260689,705843,19106,1063.186532,192765,84,46.03,39.69,105.45,NA
2019-2020,May,15,KARNATAKA,1523,RAICHUR,3682268,235.735217,30,378,4437.757454,2701,0,27027,3665742,567485,96133,779677,120180,0,13079.20231,118816,235676,208900,562520,61,269330,699803,29728,8641.444859,1922862,65,78.64,88.3,99.89,NA
2019-2020,May,15,KARNATAKA,1527,UTTARA KANNADA,372822,317.4115897,21,52,720.3786997,1175,0,12551,369420,24744,15288,17058,8377,0,1892.960594,17202,28034,77668,199296,6,161757,388747,13726,1172.581895,182774,83,60.26,52.55,105.89,NA
2019-2020,Feb,15,KARNATAKA,1507,VIJAYPURA,4689194,252.8920521,53,385,6055.020692,11789,3,15340,4634612,848453,61790,54475,4243,139,17914.58608,86528,153654,126319,307241,11011,253527,640914,27129,11720.56539,1939659,68,65.77,73.35,102.62,NA
2019-2020,Feb,15,KARNATAKA,1509,CHIKKAMAGALURU,1986392,260.1497666,49,190,4156.929301,7629,0,16758,2474060,361386,40899,71723,8487,180,10773.19062,49676,97458,83429,205915,2188,146478,348045,24387,6436.261316,1148159,60,59.73,70.54,101.41,NA
2019-2020,Feb,15,KARNATAKA,1528,CHIKKABALLAPURA,2139596,247.4258635,53,2003,3797.039866,8769,1,14298,3436031,698298,59279,466385,37932,140,12438.66924,64269,122505,98347,261521,5144,186344,486957,23067,8501.62937,1678088,72,66.82,74.81,102.49,NA
2019-2020,Feb,15,KARNATAKA,1530,Yadgir,1612124,272.5067588,42,132,2367.872047,6645,1,11739,2483266,478816,36343,258205,18113,200,9334.939735,58060,84392,90031,177151,3728,192567,396917,18384,6767.067688,1208046,70,73.78,74.55,100.06,NA
2019-2020,March,15,KARNATAKA,1501,BAGALKOTE,4317745,260.709386,49,1374,4659.521497,9806,0,10925,3875152,583370,43461,214873,18205,305,15067.40648,77719,131800,109801,256899,9602,203565,458788,20731,10102.88499,1837663,62,44.75,58,104.27,NA
2019-2020,March,15,KARNATAKA,1505,BALLARI,14804646,247.4262156,56,557,7315.218259,15639,1,8988,7653471,1666559,127307,1911718,137573,325,26576.91191,136430,288304,176684,547593,12079,287085,868528,24627,18936.69365,3860336,55,71.58,79.36,100.71,NA
2019-2020,March,15,KARNATAKA,1509,CHIKKAMAGALURU,2128277,265.8545567,50,196,4234.771782,8888,0,15753,2577343,376563,40891,74057,8487,180,11266.75559,50743,99593,83434,205904,2507,146639,348321,24641,6851.983806,1196259,60,60.07,70.41,101.42,NA
2019-2020,March,15,KARNATAKA,1518,KODAGU,495906,254.7014492,47,101,872.5886403,2203,0,1932,507241,39868,6597,23311,2947,80,2244.538818,10747,18942,21364,51766,835,66938,157933,4135,1291.950178,237426,60,40.38,45.79,122.08,NA
2019-2020,March,15,KARNATAKA,1525,TUMAKURU,4277356,264.8484567,51,681,8679.939242,25683,7,23022,5406871,655589,74850,344115,38762,400,23399.95364,104724,196533,183089,478682,9297,391094,985544,48705,14320.0144,2637048,80,56.77,46.74,100.41,NA
